input_string,postcode,latitude,longitude,subregion,STATE,Country,PFBS,PFHxA,PFHpA,PFHxS,PFOA,PFNA,PFOS,PFDA,MeFOSAA,EtFOSAA,PFUnA,PFDoA,PFTrDA,PFTeDA,PFOA + PFOS,Calculated Total PFAS
"ALLEGAN COUNTY SERVICES CENTER, ALLEGAN, MI, USA",49010,42.5277911,-85.8507049,arenac,MI,USA,7,0,0,0,0,0,0,0,0,0,0,0,0,0,0,7
"A0REWS MOBILE HOME PARK, ALLEGAN, MI, USA",49010,42.5341586,-85.8777632,arenac,MI,USA,6,0,0,4,6,0,23,0,0,0,0,0,0,0,29,39
"HAMILTON ELEMENTARY SCHOOL, ALLEGAN, MI, USA",49419,42.6710958,-85.9998925,arenac,MI,USA,3,0,0,3,0,0,0,0,0,0,0,0,0,0,0,6
"KALAMAZOO LAKE SEWER & WATER AUTHORITY, ALLEGAN, MI, USA",49453,42.6549561,-86.1794501,arenac,MI,USA,3,0,0,0,0,0,0,0,0,0,0,0,0,0,0,3
"LAKE DOSTER, ALLEGAN, MI, USA",49080,42.4484108,-85.5541334,arenac,MI,USA,0,0,2,0,0,0,0,0,0,0,0,0,0,0,0,2
"MYSTICVIEW04596WL001, ALLEGAN, MI, USA",,42.489854,-86.089399,arenac,MI,USA,2,0,0,0,2,0,0,0,0,0,0,0,0,0,2,4
"OTSEGO, ALLEGAN, MI, USA",49078,42.4605904,-85.696406,arenac,MI,USA,7,4,0,0,0,0,0,0,0,0,0,0,0,0,0,11
"PLAINWELL, ALLEGAN, MI, USA",49080,42.4400357,-85.6489035,arenac,MI,USA,19,2,0,10,6,0,17,0,0,0,0,0,0,0,23,54
"RIVERVIEW MOBILE HOME PARK, ALLEGAN, MI, USA",48708,43.5445468,-83.887408,arenac,MI,USA,3,0,0,0,0,0,0,0,0,0,0,0,0,0,0,3
"VILLAGE EAST ESTATES, ALLEGAN, MI, USA",49010,42.509862,-85.8237493,arenac,MI,USA,2,0,0,0,0,0,0,0,0,0,0,0,0,0,0,2
"Sta0ish-Sterling Central Elementary, ARENAC, MI, USA",48658,44.0108747,-83.9611938,arenac,MI,USA,0,3,0,21,5,0,0,0,0,0,0,0,0,0,5,29
"GUERNSEY LAKE MOBILE HOME COMMUNITY, BARRY, MI, USA",49046,42.5519896,-85.4066099,barry,MI,USA,3,0,0,5,0,0,0,0,0,0,0,0,0,0,0,8
"Hastings Head Start at Community Action, BARRY, MI, USA",49046,42.5068884,-85.4083539,barry,MI,USA,0,2,0,0,0,0,0,0,0,0,0,0,0,0,0,2
"Hastings Head Start at Community Action, BARRY, MI, USA",49046,42.5068884,-85.4083539,barry,MI,USA,0,3,0,0,0,0,0,0,0,0,0,0,0,0,0,3
"MIDDLEVILLE, BARRY, MI, USA",49333,42.7130889,-85.4619599,barry,MI,USA,3,0,0,0,0,0,0,0,0,0,0,0,0,0,0,3
"COUNTRYSIDE MOBILE COURT, BRANCH, MI, USA",48872,42.8358654,-84.2511168,branch,MI,USA,6,3,0,4,6,0,14,0,0,0,0,0,0,0,20,33
"GRA0 VILLAGE MOBILE HOME PARK, BRANCH, MI, USA",48624,43.992599,-84.495983,branch,MI,USA,6,0,0,0,0,0,0,0,0,0,0,0,0,0,0,6
"LAKELA0 CORRECTIONAL FACILITY, BRANCH, MI, USA",49036,41.9650151,-84.994245,branch,MI,USA,2,0,0,0,0,0,0,0,0,0,0,0,0,0,0,2
"ALBION, CALHOUN, MI, USA",49224,42.243097,-84.7530304,calhoun,MI,USA,2,4,0,14,0,0,0,0,0,0,0,0,0,0,0,20
"ATHENS, CALHOUN, MI, USA",49011,42.0886576,-85.2347051,calhoun,MI,USA,0,0,0,3,0,0,0,0,0,0,0,0,0,0,0,3
"ATHENS, CALHOUN, MI, USA",49011,42.0886576,-85.2347051,calhoun,MI,USA,0,0,0,2,0,0,0,0,0,0,0,0,0,0,0,2
"CALHOUN INTERM. SCHOOL DIST., CALHOUN, MI, USA",49068,42.2983738,-84.9621155,calhoun,MI,USA,10,3,0,7,0,0,0,0,0,0,0,0,0,0,0,20
"CALHOUN INTERM. SCHOOL DIST., CALHOUN, MI, USA",49068,42.2983738,-84.9621155,calhoun,MI,USA,9,3,0,5,0,0,0,0,0,0,0,0,0,0,0,17
"KIDS TIME DAY CARE CENTER, CALHOUN, MI, USA",49011,42.122357,-85.2210716,calhoun,MI,USA,13,5,0,0,0,0,0,0,0,0,0,0,0,0,0,18
"KIDS TIME DAY CARE CENTER, CALHOUN, MI, USA",49011,42.122357,-85.2210716,calhoun,MI,USA,12,5,0,0,0,0,0,0,0,0,0,0,0,0,0,17
"The Learning Zone, CALHOUN, MI, USA",49017,42.3571808,-85.1517105,calhoun,MI,USA,5,0,0,0,0,0,0,0,0,0,0,0,0,0,0,5
"C & M MOBILE HOME COURT, CASS, MI, USA",67337,37.0274461,-95.6159948,cass,MI,USA,0,0,0,0,2,0,0,0,0,0,0,0,0,0,2,2
"EAGLE LAKE ELEM SCHOOL, CASS, MI, USA",49112,41.795712,-86.0278607,cass,MI,USA,0,0,0,0,0,0,0,0,7,0,0,0,0,0,0,7
"BOYNE FALLS PUBLIC SCHOOL, CHARLEVOIX, MI, USA",49713,45.181818,-84.9394079,charlevoix,MI,USA,0,0,0,0,3,0,4,0,30,4,0,0,0,0,7,41
"WALLOON LAKE WATER SYSTEM, CHARLEVOIX, MI, USA",49796,45.2653656,-84.9319621,charlevoix,MI,USA,0,2,0,0,0,0,0,0,0,0,0,0,0,0,0,2
"WALLOON LAKE WATER SYSTEM, CHARLEVOIX, MI, USA",49796,45.2653656,-84.9319621,charlevoix,MI,USA,14,5,0,0,0,0,0,0,0,0,0,0,0,0,0,19
"KINROSS TOWNSHIP, CHIPPEWA, MI, USA",,46.2778265,-84.5078923,chippewa,MI,USA,0,4,0,40,6,0,0,0,0,0,0,0,0,0,6,50
"SOO TWP. SCHOOL, CHIPPEWA, MI, USA",49783,46.4900404,-84.3595776,chippewa,MI,USA,0,4,0,0,3,2,0,0,0,0,0,0,0,0,3,9
"CLARE, CITY OF, CLARE, MI, USA",48617,43.8194703,-84.7686281,clare,MI,USA,3,0,0,10,0,0,4,0,0,0,0,0,0,0,4,17
"MMCAA Harrison Preschool, CLARE, MI, USA",48625,43.995796,-84.7882809,clare,MI,USA,10,0,0,0,0,0,0,0,0,0,0,0,0,0,0,10
"GRAYLING, CITY OF, CRAWFORD, MI, USA",49738,44.6614039,-84.7147512,crawford,MI,USA,0,0,0,3,0,0,0,0,0,0,0,0,0,0,0,3
"IRON MOUNTAIN, DICKINSON, MI, USA",,45.8202334,-88.0659603,dickinson,MI,USA,0,0,0,2,0,0,0,0,0,0,0,0,0,0,0,2
"KINGSFORD, DICKINSON, MI, USA",49802,45.7949561,-88.0720706,dickinson,MI,USA,0,0,0,3,0,0,0,0,0,0,0,0,0,0,0,3
"WHITE BIRCH MOBILE HOME VILLAGE, DICKINSON, MI, USA",49801,45.80766,-88.0242803,dickinson,MI,USA,2,0,0,0,2,0,2,0,0,0,0,0,0,0,4,6
"EATON GREEN ESTATES SUBDIVISION, EATON, MI, USA",48813,42.5492386,-84.782817,eaton,MI,USA,2,3,0,0,3,0,0,0,0,0,0,0,0,0,3,8
"HI-WAY MOBILE HAVEN, EATON, MI, USA",48813,42.6030688,-84.7724828,eaton,MI,USA,0,0,0,0,0,0,3,0,0,0,0,0,0,0,3,3
"GUNTHER MOBILE HOME COURT INC, GENESEE, MI, USA",48458,43.094231,-83.672869,genesee,MI,USA,0,0,0,0,2,0,0,0,0,0,0,0,0,0,2,2
"SILVER SHORES MOBILE HOME PARK, GRA0 TRAVERSE, MI, USA",49685,44.6729752,-85.6822234,grand traverse,MI,USA,2,0,0,0,0,0,0,0,0,0,0,0,0,0,0,2
"HILLSDALE, HILLSDALE, MI, USA",,41.9200472,-84.6305101,hillsdale,MI,USA,2,0,0,0,0,0,0,0,0,0,0,0,0,0,0,2
"HOUGHTON, HOUGHTON, MI, USA",49931,47.1211331,-88.5694182,houghton,MI,USA,3,0,0,0,0,0,0,0,0,0,0,0,0,0,0,3
"EIGHT CAP IONIA CO. OUTREACH, IONIA, MI, USA",48846,42.9823148,-85.0669252,ionia,MI,USA,180,2,0,0,0,0,0,0,0,0,0,0,0,0,0,182
"EIGHT CAP IONIA CO. OUTREACH, IONIA, MI, USA",48846,42.9823148,-85.0669252,ionia,MI,USA,200,3,0,0,0,0,0,0,0,0,0,0,0,0,0,203
"EVERGREEN MOBILE HOME COMMUNITY, IONIA, MI, USA",48846,43.0176493,-85.0730565,ionia,MI,USA,0,15,3,0,0,0,0,0,0,0,0,0,0,0,0,18
"EVERGREEN MOBILE HOME COMMUNITY, IONIA, MI, USA",48846,43.0176493,-85.0730565,ionia,MI,USA,0,3,0,0,0,0,0,0,0,0,0,0,0,0,0,3
"FAITH COMMUNITY CHRISTIAN SCH., IONIA, MI, USA",48809,43.1105392,-85.2643776,ionia,MI,USA,2,0,0,0,0,0,0,0,0,0,0,0,0,0,0,2
"FAITH COMMUNITY CHRISTIAN SCH., IONIA, MI, USA",48809,43.1105392,-85.2643776,ionia,MI,USA,2,0,0,0,0,0,0,0,0,0,0,0,0,0,0,2
"LONG LAKE MOBILE HOME ESTATES, IONIA, MI, USA",48865,43.1087003,-85.12927,ionia,MI,USA,4,3,0,2,4,0,2,0,0,0,0,0,0,0,6,15
"LONG LAKE MOBILE HOME ESTATES, IONIA, MI, USA",48865,43.1087003,-85.12927,ionia,MI,USA,4,3,0,2,4,0,2,0,0,0,0,0,0,0,6,15
"PORTLA0, IONIA, MI, USA",48846,42.9872547,-85.0711174,ionia,MI,USA,0,0,0,0,0,0,4,0,0,0,0,0,0,0,4,4
"WHISPERING WOODS-WHITE PINE RIDGE OSCOD, IOSCO, MI, USA",48750,44.4923595,-83.3671414,iosco,MI,USA,0,0,0,14,0,0,0,0,0,0,0,0,0,0,0,14
"WHITTEMORE/PRESCOTT SCHOOL COMPLEX, IOSCO, MI, USA",48770,44.2283243,-83.8832734,iosco,MI,USA,2,15,6,4,6,0,0,0,0,0,0,0,0,0,6,33
"WHITTEMORE/PRESCOTT SCHOOL COMPLEX, IOSCO, MI, USA",48770,44.2283243,-83.8832734,iosco,MI,USA,0,10,4,2,4,0,0,0,0,0,0,0,0,0,4,20
"WHITTEMORE/PRESCOTT SCHOOL COMPLEX, IOSCO, MI, USA",48770,44.2283243,-83.8832734,iosco,MI,USA,0,14,6,3,4,0,0,0,0,0,0,0,0,0,4,27
"UNION TOWNSHIP, ISABELLA, MI, USA",,43.5878073,-84.8255097,isabella,MI,USA,3,3,0,6,3,0,3,0,0,0,0,0,0,0,6,18
"ABC ACADEMY #2, JACKSON, MI, USA",,42.257883,-84.448169,jackson,MI,USA,3,0,0,0,0,0,0,0,0,0,0,0,0,0,0,3
"CONCORD, JACKSON, MI, USA",49237,42.1778187,-84.6430206,jackson,MI,USA,3,0,0,0,0,0,0,0,0,0,0,0,0,0,0,3
"EARLY IMPRESSIONS, JACKSON, MI, USA",49202,42.256869,-84.352378,jackson,MI,USA,6,0,0,0,0,0,0,0,0,0,0,0,0,0,0,6
"SPRINGPORT, JACKSON, MI, USA",49284,42.378372,-84.6985883,jackson,MI,USA,0,0,0,3,0,0,0,0,0,0,0,0,0,0,0,3
"Chapman Memorial Church, KALAMAZOO, MI, USA",49097,42.1438376,-85.4803367,kalamazoo,MI,USA,9,0,0,5,15,0,15,0,0,0,0,0,0,0,30,44
"Chapman Memorial Church, KALAMAZOO, MI, USA",49097,42.1438376,-85.4803367,kalamazoo,MI,USA,9,0,0,5,15,0,14,0,0,0,0,0,0,0,29,43
"CLIMAX, KALAMAZOO, MI, USA",49034,42.2383765,-85.3349948,kalamazoo,MI,USA,0,2,0,0,0,0,0,0,0,0,0,0,0,0,0,2
"Gull Lake Schools-40th St Early Learning Ctr, KALAMAZOO, MI, USA",49060,42.399413,-85.3764477,kalamazoo,MI,USA,0,3,0,0,3,0,4,0,0,0,0,0,0,0,7,10
"Gull Lake Schools-40th St Early Learning Ctr, KALAMAZOO, MI, USA",49060,42.399413,-85.3764477,kalamazoo,MI,USA,0,4,2,0,4,0,5,0,0,0,0,0,0,0,9,15
"KALAMAZOO, KALAMAZOO, MI, USA",,42.2917069,-85.5872286,kalamazoo,MI,USA,3,0,0,0,0,0,0,0,0,0,0,0,0,0,0,3
"KALAMAZOO, KALAMAZOO, MI, USA",,42.2917069,-85.5872286,kalamazoo,MI,USA,4,0,0,0,2,0,0,0,0,0,0,0,0,0,2,6
"KALAMAZOO, KALAMAZOO, MI, USA",,42.2917069,-85.5872286,kalamazoo,MI,USA,0,2,0,0,0,0,0,0,0,0,0,0,0,0,0,2
"KALAMAZOO, KALAMAZOO, MI, USA",,42.2917069,-85.5872286,kalamazoo,MI,USA,7,10,2,32,3,0,15,0,0,0,0,0,0,0,18,69
"KALAMAZOO, KALAMAZOO, MI, USA",,42.2917069,-85.5872286,kalamazoo,MI,USA,7,12,3,31,5,0,14,0,0,0,0,0,0,0,19,72
"PARCHMENT, KALAMAZOO, MI, USA",49004,42.3280952,-85.5697296,kalamazoo,MI,USA,7,49,96,19,670,6,740,0,0,13,0,0,0,0,1410,1600
"PARCHMENT, KALAMAZOO, MI, USA",49004,42.3280952,-85.5697296,kalamazoo,MI,USA,12,79,150,40,780,8,740,0,0,19,0,0,0,0,1520,1828
"PARCHMENT, KALAMAZOO, MI, USA",49004,42.3280952,-85.5697296,kalamazoo,MI,USA,0,12,20,5,140,0,94,0,0,0,0,0,0,0,234,271
"PARCHMENT, KALAMAZOO, MI, USA",49004,42.3280952,-85.5697296,kalamazoo,MI,USA,6,48,87,22,600,5,510,0,0,12,0,0,0,0,1110,1290
"PARCHMENT, KALAMAZOO, MI, USA",49004,42.3280952,-85.5697296,kalamazoo,MI,USA,0,15,26,6,170,0,110,0,0,0,0,0,0,0,280,327
"PARCHMENT, KALAMAZOO, MI, USA",49004,42.3280952,-85.5697296,kalamazoo,MI,USA,8,23,28,17,220,0,170,0,0,0,0,0,0,0,390,466
"PORTAGE, KALAMAZOO, MI, USA",,42.2011538,-85.5800022,kalamazoo,MI,USA,6,2,0,5,0,0,0,0,0,0,0,0,0,0,0,13
"PORTAGE, KALAMAZOO, MI, USA",,42.2011538,-85.5800022,kalamazoo,MI,USA,0,0,0,4,0,0,0,0,0,0,0,0,0,0,0,4
"PORTAGE, KALAMAZOO, MI, USA",,42.2011538,-85.5800022,kalamazoo,MI,USA,0,2,0,0,0,0,0,0,0,0,0,0,0,0,0,2
"ROYAL ESTATES, KALAMAZOO, MI, USA",49009,42.3800242,-85.6787497,kalamazoo,MI,USA,3,0,0,0,0,0,0,0,0,0,0,0,0,0,0,3
"ALGOMA ESTATES, KENT, MI, USA",49341,43.1594089,-85.5591273,kent,MI,USA,3,0,0,0,2,0,0,0,0,0,0,0,0,0,2,5
"ALTO ELEMENTARY SCHOOL, KENT, MI, USA",49302,42.8530846,-85.3788798,kent,MI,USA,2,0,0,21,0,0,0,0,0,0,0,0,0,0,0,23
"ALTO ELEMENTARY SCHOOL, KENT, MI, USA",49302,42.8530846,-85.3788798,kent,MI,USA,2,0,0,15,0,0,0,0,0,0,0,0,0,0,0,17
"CANNONSBURG ELEMENTARY SCHOOL, KENT, MI, USA",49341,43.0520919,-85.4682161,kent,MI,USA,0,0,0,0,6,0,0,0,0,0,0,0,0,0,6,6
"KEY HEIGHTS MOBILE VILLAGE [Field Dup], KENT, MI, USA",49331,42.9304179,-85.3876368,kent,MI,USA,2,0,0,0,0,0,0,0,0,0,0,0,0,0,0,2
"LAKE BELLA VISTA, KENT, MI, USA",49341,43.0901412,-85.516805,kent,MI,USA,0,0,0,0,2,0,0,0,0,0,0,0,0,0,2,2
"PARKWOOD GREEN, KENT, MI, USA",49345,43.132828,-85.68559,kent,MI,USA,2,0,0,0,3,0,0,0,0,0,0,0,0,0,3,5
"PINE AIRE MOBILE HOME PARK, KENT, MI, USA",49321,43.0632955,-85.6878098,kent,MI,USA,5,0,0,3,0,0,0,0,0,0,0,0,0,0,0,8
"PLAINFIELD TOWNSHIP, KENT, MI, USA",,43.0582815,-85.613847,kent,MI,USA,3,5,4,2,4,0,4,0,0,0,0,0,0,0,8,22
"ROCKFORD EAST MIDDLE SCHOOL, KENT, MI, USA",49341,43.1042671,-85.4564662,kent,MI,USA,0,0,0,0,0,0,0,0,15,0,0,0,0,0,0,15
"SPRING VALLEY MOBILE HOME PARK, KENT, MI, USA",49341,43.080088,-85.566487,kent,MI,USA,7,0,0,2,3,0,0,0,0,0,0,0,0,0,3,12
"SPRING VALLEY MOBILE HOME PARK, KENT, MI, USA",49341,43.080088,-85.566487,kent,MI,USA,9,4,3,4,10,0,13,0,0,0,0,0,0,0,23,43
"WHISPERING PINES, KENT, MI, USA",49345,43.1332631,-85.6928601,kent,MI,USA,49,4,0,5,6,0,0,0,0,0,0,0,0,0,6,64
"WOODLA0 ESTATES, KENT, MI, USA",49341,43.088135,-85.561822,kent,MI,USA,4,2,0,0,0,0,0,0,0,0,0,0,0,0,0,6
"SHERMAN TOWNSHIP, KEWEENAW, MI, USA",,47.2396514,-88.2287482,keeweenaw,MI,USA,0,0,0,2,0,0,0,0,0,0,0,0,0,0,0,2
"BALDWIN, VILLAGE OF, LAKE, MI, USA",49304,43.9011229,-85.8517287,lake,MI,USA,0,4,2,0,4,0,0,0,0,0,0,0,0,0,4,10
"Five Cap Inc (RFW), LAKE, MI, USA",,43.9446996,-85.8486236,lake,MI,USA,4,26,23,15,34,0,3,0,0,0,0,0,0,0,37,105
"FIVECAP INC - (RFW), LAKE, MI, USA",49304,43.9084478,-85.8506106,lake,MI,USA,4,25,23,13,36,0,3,0,0,0,0,0,0,0,39,104
"LELA0 PUBLIC SCHOOL DISTRICT 2, LEELANAU, MI, USA",,42.48515,-83.0951852,leelanau,MI,USA,3,23,9,29,7,0,0,0,0,0,0,0,0,0,7,71
"LELA0 PUBLIC SCHOOL DISTRICT 2, LEELANAU, MI, USA",,42.48515,-83.0951852,leelanau,MI,USA,3,19,8,26,8,0,0,0,0,0,0,0,0,0,8,64
"NORTHPORT, VILLAGE OF, LEELANAU, MI, USA",49670,45.1313875,-85.6167509,leelanau,MI,USA,0,9,3,4,4,0,0,0,0,0,0,0,0,0,4,20
"NORTHPORT, VILLAGE OF, LEELANAU, MI, USA",49670,45.1313875,-85.6167509,leelanau,MI,USA,0,4,0,0,0,0,0,0,0,0,0,0,0,0,0,4
"ST MARYS ELEM & HIGH SCHOOL, LEELANAU, MI, USA",64804,37.0578641,-94.5831004,leelanau,MI,USA,0,2,0,3,0,0,0,0,0,0,0,0,0,0,0,5
"BRIGHTON, CITY OF, LIVINGSTON, MI, USA",,42.5564732,-83.7411631,livingston,MI,USA,0,2,0,0,0,0,0,0,0,0,0,0,0,0,0,2
"HIDDEN SHORES WEST, LIVINGSTON, MI, USA",48430,42.763734,-83.8053948,livingston,MI,USA,0,3,0,0,4,0,0,0,0,0,0,0,0,0,4,7
"LEARNING LADDER, LIVINGSTON, MI, USA",48843,42.6152691,-83.9563628,livingston,MI,USA,2,0,0,0,0,0,0,0,0,0,0,0,0,0,0,2
"LIGHT OF THE WORLD ACADEMY, LIVINGSTON, MI, USA",48169,42.4592403,-83.9410574,livingston,MI,USA,2,3,0,0,0,0,0,0,0,0,0,0,0,0,0,5
"LITTLE FRIE0S DAY CARE, LIVINGSTON, MI, USA",48843,42.5423703,-83.9717503,livingston,MI,USA,3,0,0,3,0,0,0,0,0,0,0,0,0,0,0,6
"PINCKNEY SCHOOLS - COUNTRY ELEMENTARY, LIVINGSTON, MI, USA",48169,42.4631977,-83.8892362,livingston,MI,USA,0,4,0,0,0,0,0,0,0,0,0,0,0,0,0,4
"WOODLA0 PARK A0 SALES, LIVINGSTON, MI, USA",,42.6207951,-83.8473015,livingston,MI,USA,2,0,0,0,0,0,0,0,0,0,0,0,0,0,0,2
"MAIN STREET APARTMENTS, MACOMB, MI, USA",48095,42.7844928,-83.0110368,macomb,MI,USA,0,2,0,0,0,0,0,0,0,0,0,0,0,0,0,2
"MAIN STREET APARTMENTS, MACOMB, MI, USA",48095,42.7844928,-83.0110368,macomb,MI,USA,3,0,0,0,6,0,3,0,0,0,0,0,0,0,9,12
"BEAR LAKE, VILLAGE OF, MANISTEE, MI, USA",49614,44.4208349,-86.148143,manistee,MI,USA,0,0,0,2,0,0,0,0,0,0,0,0,0,0,0,2
"BEAR LAKE, VILLAGE OF, MANISTEE, MI, USA",49614,44.4208349,-86.148143,manistee,MI,USA,0,0,0,2,0,0,0,0,0,0,0,0,0,0,0,2
"KALEVA, VILLAGE OF, MANISTEE, MI, USA",49645,44.3733369,-86.0103599,manistee,MI,USA,5,0,0,0,0,0,2,0,0,0,0,0,0,0,2,7
"CHOCOLAY SHORES APARTMENTS, MARQUETTE, MI, USA",49855,46.4991393,-87.3546227,marquette,MI,USA,2,0,0,0,0,0,3,0,0,0,0,0,0,0,3,5
"K I SAWYER, MARQUETTE, MI, USA",49841,46.3423176,-87.3878601,marquette,MI,USA,3,0,0,7,0,0,0,0,0,0,0,0,0,0,0,10
"RICHMO0 TOWNSHIP, MARQUETTE, MI, USA",49866,46.3745078,-87.5408422,marquette,MI,USA,0,2,0,0,0,0,0,0,0,0,0,0,0,0,0,2
"RICHMO0 TOWNSHIP, MARQUETTE, MI, USA",49866,46.3745078,-87.5408422,marquette,MI,USA,0,2,0,0,0,0,0,0,0,0,0,0,0,0,0,2
"SILVER CREEK ESTATES MOBILE HOME COURT, MARQUETTE, MI, USA",49855,46.489485,-87.360583,marquette,MI,USA,0,2,0,0,0,0,0,0,0,0,0,0,0,0,0,2
"HERITAGE HILLS MOBILE HOME VILLAGE, MASON, MI, USA",49431,43.8906446,-86.3989909,mason,MI,USA,9,4,0,0,0,0,0,0,0,0,0,0,0,0,0,13
"CHIPPEWA HILLS HIGH SCHOOL, MECOSTA, MI, USA",49340,43.664197,-85.151063,mecosta,MI,USA,0,5,0,9,0,0,0,0,0,0,0,0,0,0,0,14
"MORLEY-STANWOOD ELEMENTARY SCHOOL, MECOSTA, MI, USA",49336,43.5380644,-85.4423546,mecosta,MI,USA,0,2,0,0,0,0,0,0,0,0,0,0,0,0,0,2
"SUNSET SHORES, MECOSTA, MI, USA",49601,44.2345155,-85.4258618,mecosta,MI,USA,3,2,0,0,4,0,0,0,0,0,0,0,0,0,4,9
"MENOMINEE HEADSTART, MENOMINEE, MI, USA",49858,45.1864131,-87.6173235,menominee,MI,USA,0,5,0,0,0,0,0,0,0,0,0,0,0,0,0,5
"IDA STRIP MALL, MONROE, MI, USA",,41.8786731,-83.570964,monroe,MI,USA,0,4,0,0,0,0,0,0,0,0,0,0,0,0,0,4
"MONROE SOUTH COUNTY, MONROE, MI, USA",48161,41.8958789,-83.4177105,monroe,MI,USA,0,3,0,0,0,0,0,0,0,0,0,0,0,0,0,3
"CENTRAL MONTCALM SCHOOLS, MONTCALM, MI, USA",48888,43.2742468,-85.0757965,montcalm,MI,USA,0,5,3,37,12,0,7,0,0,0,0,0,0,0,19,64
"CENTRAL MONTCALM SCHOOLS, MONTCALM, MI, USA",48888,43.2742468,-85.0757965,montcalm,MI,USA,0,6,3,43,16,0,11,0,0,0,0,0,0,0,27,79
"CENTRAL MONTCALM SCHOOLS - 3RD SAMPLE, MONTCALM, MI, USA",48888,43.2742468,-85.0757965,montcalm,MI,USA,0,6,3,51,19,0,12,0,0,0,0,0,0,0,31,91
"EDMORE, MONTCALM, MI, USA",48829,43.4080869,-85.0386317,montcalm,MI,USA,3,0,0,0,0,0,0,0,0,0,0,0,0,0,0,3
"GREAT LAKE ADVENTIST ACADEMY, MONTCALM, MI, USA",48812,43.3993983,-84.9755207,montcalm,MI,USA,4,0,0,0,0,0,0,0,0,0,0,0,0,0,0,4
"GREAT LAKE ADVENTIST ACADEMY, MONTCALM, MI, USA",48812,43.3993983,-84.9755207,montcalm,MI,USA,7,0,0,0,0,0,0,0,0,0,0,0,0,0,0,7
"GREENVILLE, MONTCALM, MI, USA",48838,43.1775314,-85.2527987,montcalm,MI,USA,2,0,0,3,0,0,0,0,0,0,0,0,0,0,0,5
"MONTCALM AREA CAREER CENTER, MONTCALM, MI, USA",48885,43.2508182,-85.1052366,montcalm,MI,USA,5,0,0,0,0,0,0,0,0,0,0,0,0,0,0,5
"SHERIDAN, MONTCALM, MI, USA",48884,43.2122541,-85.0736264,montcalm,MI,USA,0,4,0,3,2,0,0,0,0,0,0,0,0,0,2,9
"TRI COUNTY JUNIOR HIGH, MONTCALM, MI, USA",49329,43.3678494,-85.5096287,montcalm,MI,USA,0,20,6,0,31,0,31,0,0,0,0,0,0,0,62,88
"TRI COUNTY JUNIOR HIGH, MONTCALM, MI, USA",49329,43.3678494,-85.5096287,montcalm,MI,USA,0,9,3,0,13,0,14,0,0,0,0,0,0,0,27,39
"TRI COUNTY JUNIOR HIGH, MONTCALM, MI, USA",49329,43.3678494,-85.5096287,montcalm,MI,USA,0,20,6,0,28,0,30,0,0,0,0,0,0,0,58,84
"OAK LEAF MANOR, MONTMORENCY, MI, USA",49756,44.8656579,-84.3641063,montmorency,MI,USA,0,0,0,18,0,0,0,0,0,0,0,0,0,0,0,18
"ARLINGTON WOODS, MUSKEGON, MI, USA",49442,43.2124673,-86.1502671,muskegon,MI,USA,0,0,0,0,2,0,2,0,0,0,0,0,0,0,4,4
"ARLINGTON WOODS, MUSKEGON, MI, USA",49442,43.2124673,-86.1502671,muskegon,MI,USA,2,3,0,2,3,0,2,0,0,0,0,0,0,0,5,12
"ARLINGTON WOODS, MUSKEGON, MI, USA",49442,43.2124673,-86.1502671,muskegon,MI,USA,0,0,0,0,2,0,3,0,0,0,0,0,0,0,5,5
"CCP Discovery School, MUSKEGON, MI, USA",49461,43.4056218,-86.3151041,muskegon,MI,USA,0,0,0,0,0,0,0,0,0,4,0,0,0,0,0,4
"EGELCRAFT MOBILE HOME PARK, MUSKEGON, MI, USA",49442,43.2140242,-86.1444268,muskegon,MI,USA,0,4,0,4,6,0,7,0,0,0,0,0,0,0,13,21
"EGELCRAFT MOBILE HOME PARK, MUSKEGON, MI, USA",49442,43.2140242,-86.1444268,muskegon,MI,USA,3,7,4,9,12,0,14,0,0,0,0,0,0,0,26,49
"EGELCRAFT MOBILE HOME PARK, MUSKEGON, MI, USA",49442,43.2140242,-86.1444268,muskegon,MI,USA,3,7,4,9,12,0,14,0,0,0,0,0,0,0,26,49
"MAPLE ISLA0 ESTATES, MUSKEGON, MI, USA",49442,43.2623272,-86.0643279,muskegon,MI,USA,3,2,0,0,3,0,0,0,0,0,0,0,0,0,3,8
"MAPLE ISLA0 ESTATES, MUSKEGON, MI, USA",49442,43.2623272,-86.0643279,muskegon,MI,USA,3,0,0,2,3,0,0,0,0,0,0,0,0,0,3,8
"MAPLE ISLA0 ESTATES, MUSKEGON, MI, USA",49442,43.2623272,-86.0643279,muskegon,MI,USA,2,2,0,2,3,0,0,0,0,0,0,0,0,0,3,9
"OAKRIDGE -CARR SCHOOL/COMMUNITY ED, MUSKEGON, MI, USA",49442,43.232931,-86.20047,muskegon,MI,USA,0,0,0,2,0,0,3,0,0,0,0,0,0,0,3,5
"REETHS PUFFER/TWIN LAKE ELEMEN, MUSKEGON, MI, USA",49457,43.3608789,-86.1636686,muskegon,MI,USA,3,3,0,0,6,0,2,0,0,0,0,0,0,0,8,14
"REETHS PUFFER/TWIN LAKE ELEMEN, MUSKEGON, MI, USA",49457,43.3608789,-86.1636686,muskegon,MI,USA,3,4,2,0,5,0,0,0,0,0,0,0,0,0,5,14
"The Hop Childcare Center, MUSKEGON, MI, USA",49445,43.300225,-86.196236,muskegon,MI,USA,6,7,0,3,6,0,8,0,0,0,0,0,0,0,14,30
"The Hop Childcare Center, MUSKEGON, MI, USA",49445,43.300225,-86.196236,muskegon,MI,USA,7,9,2,3,9,0,10,0,0,0,0,0,0,0,19,40
"TIMBERLINE ESTATES, MUSKEGON, MI, USA",49457,43.2965532,-86.1535349,muskegon,MI,USA,3,2,0,0,4,0,0,0,0,0,0,0,0,0,4,9
"TIMBERLINE ESTATES, MUSKEGON, MI, USA",49457,43.2965532,-86.1535349,muskegon,MI,USA,2,3,0,0,4,0,0,0,0,0,0,0,0,0,4,9
"FREMONT, NEWAYGO, MI, USA",,43.4675173,-85.9420013,newaygo,MI,USA,0,0,0,0,2,0,0,0,0,0,0,0,0,0,2,2
"HESPERIA, NEWAYGO, MI, USA",49421,43.5689029,-86.0395071,newaygo,MI,USA,15,0,0,0,0,0,0,0,0,0,0,0,0,0,0,15
"HESPERIA, NEWAYGO, MI, USA",49421,43.5689029,-86.0395071,newaygo,MI,USA,2,11,9,0,7,0,0,0,0,0,0,0,0,0,7,29
"NEWAYGO, NEWAYGO, MI, USA",49337,43.4197429,-85.8000506,newaygo,MI,USA,2,0,0,4,0,0,0,0,0,0,0,0,0,0,0,6
"CEDAR CREST ACADEMY, OAKLA0, MI, USA",48348,42.7472645,-83.4672241,oakland,MI,USA,0,3,0,0,0,0,0,0,0,0,0,0,0,0,0,3
"CEDAR CREST EARLY CHILDHOOD, OAKLA0, MI, USA",,44.3148443,-85.6023643,oakland,MI,USA,0,3,0,0,0,0,0,0,0,0,0,0,0,0,0,3
"CLARKSTON LAKE ESTATES, OAKLA0, MI, USA",48348,42.8015216,-83.3736814,oakland,MI,USA,0,3,0,0,0,0,0,0,0,0,0,0,0,0,0,3
"GLENGARY ELEMENTARY/WLS, OAKLA0, MI, USA",48390,42.5662475,-83.5016496,oakland,MI,USA,10,29,10,8,20,0,0,0,0,0,0,0,0,0,20,77
"GLENGARY ELEMENTARY/WLS, OAKLA0, MI, USA",48390,42.5662475,-83.5016496,oakland,MI,USA,10,30,12,8,18,0,0,0,0,0,0,0,0,0,18,78
"GREENS LAKE APARTMENTS, OAKLA0, MI, USA",48346,42.7199958,-83.4219779,oakland,MI,USA,3,0,0,0,0,0,0,0,0,0,0,0,0,0,0,3
"HERITAGE APARTMENTS, OAKLA0, MI, USA",48208,42.3407321,-83.0835263,oakland,MI,USA,21,7,0,8,0,0,0,0,0,0,0,0,0,0,0,36
"I0EPE0ENCE TOWNSHIP, OAKLA0, MI, USA",,44.3148443,-85.6023643,oakland,MI,USA,4,0,0,6,0,0,0,0,0,0,0,0,0,0,0,10
"MILFORD HIGH SCHOOL/HVS, OAKLA0, MI, USA",48357,42.6178338,-83.6225752,oakland,MI,USA,2,0,0,0,0,0,0,0,0,0,0,0,0,0,0,2
"OAK VALLEY/COUNTRY OAKS/HVS, OAKLA0, MI, USA",48382,42.5937325,-83.5588963,oakland,MI,USA,0,5,0,0,0,0,0,0,0,0,0,0,0,0,0,5
"OAKLA0 SCHOOLS-TECHNICAL CAMPUS NW, OAKLA0, MI, USA",48346,42.7366529,-83.4531915,oakland,MI,USA,4,0,0,0,3,0,5,0,0,0,0,0,0,0,8,12
"OAKLA0 SCHOOLS-TECHNICAL CAMPUS NW, OAKLA0, MI, USA",48346,42.7366529,-83.4531915,oakland,MI,USA,6,3,0,0,3,2,4,0,0,0,0,0,0,0,7,18
"OXFORD VILLAGE CO0OMINIUMS, OAKLA0, MI, USA",48371,42.8198739,-83.2702971,oakland,MI,USA,4,3,0,0,0,0,0,0,0,0,0,0,0,0,0,7
"PINECREST APARTMENTS, OAKLA0, MI, USA",61761,40.5205769,-88.9515372,oakland,MI,USA,8,0,0,0,0,0,0,0,0,0,0,0,0,0,0,8
"SASHABAW MEADOWS MHP, OAKLA0, MI, USA",48348,42.7993746,-83.3636387,oakland,MI,USA,0,2,0,0,0,0,0,0,0,0,0,0,0,0,0,2
"WATERFORD TOWNSHIP, OAKLA0, MI, USA",,42.6907443,-83.4066132,oakland,MI,USA,0,0,0,4,0,0,0,0,0,0,0,0,0,0,0,4
"WEST HIGHLA0 CHRISTIAN, OAKLA0, MI, USA",48380,42.6271559,-83.6622794,oakland,MI,USA,0,4,0,2,0,0,0,0,0,0,0,0,0,0,0,6
"GREENLAWN MOBILE HOME COURT, OCEANA, MI, USA",49452,43.5053641,-86.3442243,oceana,MI,USA,0,6,2,0,8,0,0,0,0,0,0,0,0,0,8,16
"NEW ERA CHRISTIAN SCHOOL, OCEANA, MI, USA",49446,43.5606913,-86.3404531,oceana,MI,USA,0,3,0,0,0,0,0,0,0,0,0,0,0,0,0,3
"WALKERVILLE COMMUNITY SCHOOL, OCEANA, MI, USA",49459,43.7150042,-86.1226796,oceana,MI,USA,0,2,0,0,2,0,0,0,0,0,0,0,0,0,2,4
"WALKERVILLE ELEMENTARY SCHOOL, OCEANA, MI, USA",49459,43.7156674,-86.1265809,oceana,MI,USA,2,0,0,6,5,0,3,0,0,0,0,0,0,0,8,16
"WALKERVILLE ELEMENTARY SCHOOL, OCEANA, MI, USA",49459,43.7156674,-86.1265809,oceana,MI,USA,3,3,0,7,6,0,2,0,0,0,0,0,0,0,8,21
"EVART, CITY OF, OSCEOLA, MI, USA",49631,43.9005752,-85.2580971,osceola,MI,USA,4,0,0,0,0,0,0,0,0,0,0,0,0,0,0,4
"EVART, CITY OF, OSCEOLA, MI, USA",49631,43.9005752,-85.2580971,osceola,MI,USA,20,0,0,0,0,0,0,0,0,0,0,0,0,0,0,20
"EVART, CITY OF, OSCEOLA, MI, USA",49631,43.9005752,-85.2580971,osceola,MI,USA,0,0,0,0,2,0,0,0,0,0,0,0,0,0,2,2
"GAYLORD, CITY OF, OTSEGO, MI, USA",49735,45.0275126,-84.6747523,otsego,MI,USA,0,0,0,2,0,0,0,0,0,0,0,0,0,0,0,2
"VA0ERBILT SCHOOL, OTSEGO, MI, USA",49078,42.4569131,-85.7083727,otsego,MI,USA,3,2,0,0,3,0,0,0,0,0,0,0,0,0,3,8
"ALL FOR KIDS, OTTAWA, MI, USA",,42.953023,-86.0937312,ottawa,MI,USA,0,4,3,0,5,0,0,0,0,0,0,0,0,0,5,12
"ALL FOR KIDS, OTTAWA, MI, USA",,42.953023,-86.0937312,ottawa,MI,USA,2,4,2,0,5,0,0,0,0,0,0,0,0,0,5,13
"CROCKERY MOBILE HOME PARK, OTTAWA, MI, USA",49448,43.088642,-86.117446,ottawa,MI,USA,13,0,0,0,0,0,0,0,0,0,0,0,0,0,0,13
"CROCKERY MOBILE HOME PARK, OTTAWA, MI, USA",49448,43.088642,-86.117446,ottawa,MI,USA,3,0,0,0,0,0,0,0,0,0,0,0,0,0,0,3
"Future Steps Learning Center LLC, OTTAWA, MI, USA",49534,42.9739028,-85.8040764,ottawa,MI,USA,3,0,0,0,3,0,7,0,0,0,0,0,0,0,10,13
"Future Steps Learning Center LLC, OTTAWA, MI, USA",49534,42.9739028,-85.8040764,ottawa,MI,USA,3,0,0,3,2,0,16,0,0,0,0,0,0,0,18,24
"LITTLE TYKES UNIVERSITY LLC, OTTAWA, MI, USA",49448,43.0723587,-86.0963546,ottawa,MI,USA,0,3,0,0,0,0,0,0,0,0,0,0,0,0,0,3
"LOVING HEARTS LITTLE HA0S, OTTAWA, MI, USA",49417,42.982376,-86.083153,ottawa,MI,USA,14,0,0,9,0,0,0,0,0,0,0,0,0,0,0,23
"LOVING HEARTS LITTLE HA0S, OTTAWA, MI, USA",49417,42.982376,-86.083153,ottawa,MI,USA,17,0,0,11,0,0,4,0,0,0,0,0,0,0,4,32
"ROBINSON ELEMENTARY SCHOOL, OTTAWA, MI, USA",49417,42.9830247,-86.0843061,ottawa,MI,USA,14,0,0,20,9,0,101,0,0,0,0,0,0,0,110,144
"ROBINSON ELEMENTARY SCHOOL - 20 SAMPLE, OTTAWA, MI, USA",49417,42.9830247,-86.0843061,ottawa,MI,USA,29,0,0,23,13,0,106,0,0,0,0,0,0,0,119,171
"TALLMADGE MEADOWS, OTTAWA, MI, USA",49534,42.9805213,-85.8171378,ottawa,MI,USA,11,7,3,4,8,0,7,0,0,0,0,0,0,0,15,40
"TRINITY LUTHERAN SCHOOL, OTTAWA, MI, USA",49403,43.1331785,-85.8250184,ottawa,MI,USA,0,0,0,0,2,0,0,0,0,0,0,0,0,0,2,2
"C.O.O.R. SCHOOL, ROSCOMMON, MI, USA",48653,44.4939588,-84.6636271,roscommon,MI,USA,17,0,0,0,0,0,0,0,0,0,0,0,0,0,0,17
"C.O.O.R. SCHOOL; 20 Sample, ROSCOMMON, MI, USA",48653,44.4939588,-84.6636271,roscommon,MI,USA,14,0,0,0,0,0,0,0,0,0,0,0,0,0,0,14
"KING NURSING & REHABILITATION COMMUNITY, ROSCOMMON, MI, USA",48629,44.3006368,-84.7552299,roscommon,MI,USA,0,0,0,2,3,0,2,0,0,0,0,0,0,0,5,7
"OUR LADY OF THE LAKE, ROSCOMMON, MI, USA",48651,44.298298,-84.6581062,roscommon,MI,USA,0,0,0,0,3,0,0,0,0,0,0,0,0,0,3,3
"PARKWOOD VILLAGE, SAGINAW, MI, USA",48417,43.2591263,-83.9529467,saginaw,MI,USA,0,0,0,2,0,0,0,0,0,0,0,0,0,0,0,2
"LOCKPORT TOWNSHIP, ST JOSEPH, MI, USA",,41.943505,-85.5715015,st joseph,MI,USA,2,0,0,0,0,0,0,0,0,0,0,0,0,0,0,2
"PORT OF CALL - WEST, VAN BUREN, MI, USA",,42.2459665,-86.0121573,van buren,MI,USA,4,5,0,2,4,0,3,0,0,0,0,0,0,0,7,18
"EMERSON SCHOOL - ELEMENTARY, WASHTENAW, MI, USA",48103,42.2537462,-83.8357907,washtenaw,MI,USA,13,2,0,0,0,0,0,0,0,0,0,0,0,0,0,15
"EMERSON SCHOOL - ELEMENTARY, WASHTENAW, MI, USA",48103,42.2537462,-83.8357907,washtenaw,MI,USA,15,0,0,0,0,0,0,0,0,0,0,0,0,0,0,15
"BAKER COLLEGE OF CADILLAC, WEXFORD, MI, USA",49601,44.2657778,-85.3838296,wexford,MI,USA,0,8,3,0,4,0,0,0,0,0,0,0,0,0,4,15
"BAKER COLLEGE OF CADILLAC - Well 1, WEXFORD, MI, USA",49601,44.2657778,-85.3838296,wexford,MI,USA,0,8,3,0,5,0,0,0,0,0,0,0,0,0,5,16
"HARING CHARTER TOWNSHIP, WEXFORD, MI, USA",,44.287007,-85.3756249,wexford,MI,USA,0,0,0,3,3,0,3,0,0,0,0,0,0,0,6,9