County,Public Water Supply,Population Served,Round Sample Was Taken,Sampling Date,Sample Number,Raw Water or Treated Drinking Water?,PFOA + PFOS (ppt),Total Tested PFAS (ppt),Method
ARENAC,Saginaw Chippewa Indian Tribe of Michigan - Saganing,4653,1,04/25/2019,SWIN1904251400GGA,Raw Water,ND,ND,Isotope Dilution
ARENAC,Saginaw Chippewa Indian Tribe of Michigan - Saganing,4653,1,04/25/2019,SWEF1904251405GGA,Treated Drinking Water,ND,ND,EPA 537
ARENAC,Saginaw Chippewa Indian Tribe of Michigan - Saganing,4653,1,04/25/2019,SWEF1904251405GGA,Treated Drinking Water,ND,ND,Isotope Dilution
LENAWEE,Blissfield,3340,1,04/29/2019,SWIN1904291110GSC,Raw Water,ND,2,Isotope Dilution
BAY,Bay Area Water System,93915,1,04/25/2019,SWIN1904251200GGA,Raw Water,ND,ND,Isotope Dilution
BAY,Bay Area Water System,93915,1,04/25/2019,SWEF1904251205GGA,Treated Drinking Water,ND,ND,EPA 537
LENAWEE,Adrian,21133,1,04/29/2019,SWIN1904291020GSC,Raw Water,ND,ND,Isotope Dilution
ARENAC,"Au Gres, City of",955,1,04/25/2019,SWEF1904251505GGA,Treated Drinking Water,ND,ND,Isotope Dilution
ALPENA,"Alpena, City of",15680,1,04/26/2019,SWIN1904261100GGA,Raw Water,ND,ND,Isotope Dilution
BERRIEN,Benton Harbor,9970,1,04/24/2019,SWIN1904241240KER,Raw Water,ND,ND,Isotope Dilution
HURON,"Caseville, City of",777,1,05/07/2019,SWEF1905071105GGA,Treated Drinking Water,ND,ND,Isotope Dilution
BERRIEN,Bridgman,2291,1,04/24/2019,SWEF1904241115KER,Treated Drinking Water,ND,ND,Isotope Dilution
HURON,"Caseville, City of",777,1,05/07/2019,SWEF1905071105GGA,Treated Drinking Water,ND,ND,EPA 537
BERRIEN,Bridgman,2291,1,04/24/2019,SWIN1904241110KER,Raw Water,ND,ND,Isotope Dilution
KENT,Grand Rapids,329500,1,04/25/2019,SWIN1904251415KER,Raw Water,ND,4,Isotope Dilution
BERRIEN,Benton Harbor,9970,1,04/24/2019,SWEF1904241245KER,Treated Drinking Water,ND,ND,Isotope Dilution
BARAGA,Baraga,2240,1,04/29/2019,SWEF1904291105GGA,Treated Drinking Water,ND,ND,EPA 537
BARAGA,Baraga,2240,1,04/29/2019,SWIN1904291100GGA,Raw Water,ND,ND,Isotope Dilution
ALPENA,"Alpena, City of",15680,1,04/26/2019,SWEF1904261105GGA,Treated Drinking Water,ND,ND,EPA 537
LENAWEE,Adrian,21133,1,04/29/2019,GWEF1904291010GSC,Treated Drinking Water,ND,ND,Isotope Dilution
ST CLAIR,"Algonac, City of",13976,1,05/01/2019,SWIN1905010745GSC,Raw Water,ND,ND,Isotope Dilution
LENAWEE,Blissfield,3340,1,04/29/2019,SWEF1904291120GSC,Treated Drinking Water,ND,ND,EPA 537
HURON,"Caseville, City of",777,1,05/07/2019,SWIN1905071100GGA,Raw Water,ND,ND,Isotope Dilution
ARENAC,"Au Gres, City of",955,1,04/25/2019,SWEF1904251505GGA,Treated Drinking Water,ND,ND,EPA 537
BERRIEN,Benton Charter Township,6883,1,04/24/2019,SWIN1904241315KER,Raw Water,ND,ND,Isotope Dilution
ST CLAIR,"Algonac, City of",13976,1,05/01/2019,SWEF1905010750GSC,Treated Drinking Water,ND,ND,EPA 537
BAY,Bay Area Water System,93915,1,04/25/2019,SWEF1904251205GGA,Treated Drinking Water,ND,ND,Isotope Dilution
BERRIEN,Bridgman,2291,1,04/24/2019,SWEF1904241115KER,Treated Drinking Water,ND,ND,EPA 537
BERRIEN,Benton Harbor,9970,1,04/24/2019,SWEF1904241245KER,Treated Drinking Water,ND,ND,EPA 537
KENT,Grand Rapids,329500,1,04/25/2019,SWEF1904251420KER,Treated Drinking Water,ND,6,Isotope Dilution
ALPENA,"Alpena, City of",15680,1,04/26/2019,SWEF1904261105GGA,Treated Drinking Water,ND,ND,Isotope Dilution
BERRIEN,Benton Charter Township,6883,1,04/24/2019,SWEF1904241320KER,Treated Drinking Water,ND,ND,EPA 537
ST CLAIR,"Algonac, City of",13976,1,05/01/2019,SWEF1905010750GSC,Treated Drinking Water,ND,ND,Isotope Dilution
LENAWEE,Adrian,21133,1,04/29/2019,GWEF1904291010GSC,Treated Drinking Water,ND,ND,EPA 537
BERRIEN,Benton Charter Township,6883,1,04/24/2019,SWEF1904241320KER,Treated Drinking Water,ND,ND,Isotope Dilution
ARENAC,"Au Gres, City of",955,1,04/25/2019,SWIN1904251500GGA,Raw Water,ND,ND,Isotope Dilution
KENT,Grand Rapids,329500,1,04/25/2019,SWEF1904251420KER,Treated Drinking Water,ND,ND,EPA 537
LENAWEE,Blissfield,3340,1,04/29/2019,SWEF1904291120GSC,Treated Drinking Water,ND,2,Isotope Dilution
BARAGA,Baraga,2240,1,04/29/2019,SWEF1904291105GGA,Treated Drinking Water,ND,ND,Isotope Dilution
GRATIOT,Gratiot Area Water Authority,16208,1,04/25/2019,SWIN1904250900GGA,Raw Water,ND,ND,Isotope Dilution
DELTA,Gladstone,4396,1,04/30/2019,SWEF1904301005GGA,Treated Drinking Water,7,7,Isotope Dilution
MASON,"Ludington, City of",10344,1,04/25/2019,SWEF1904251005KER,Treated Drinking Water,ND,ND,EPA 537
MENOMINEE,Menominee,9999,1,04/30/2019,SWIN1904301100GGA,Raw Water,ND,3,Isotope Dilution
BARAGA,L'anse,2300,1,04/29/2019,SWEF1904291135GGA,Treated Drinking Water,ND,ND,EPA 537
SANILAC,"Lexington, Village of",6380,1,05/03/2019,SWEF1905031205GGA,Treated Drinking Water,ND,ND,Isotope Dilution
CHIPPEWA,Detour,325,1,05/01/2019,SWEF1905011405GGA,Treated Drinking Water,ND,ND,Isotope Dilution
WAYNE,Great Lakes Water Authority,3713777,1,04/30/2019,SWEF1904301305GSC,Treated Drinking Water,ND,ND,Isotope Dilution
IOSCO,Huron Shore Regional Utility Authority,14527,1,04/26/2019,SWEF1904260905GGA,Treated Drinking Water,ND,ND,EPA 537
HURON,Huron Regional Water Authority,4311,1,05/07/2019,SWEF1905071310GGA-FD,Treated Drinking Water,ND,ND,EPA 537
GRATIOT,Gratiot Area Water Authority,16208,1,04/25/2019,SWEF1904250905GGA,Treated Drinking Water,ND,ND,EPA 537
OTTAWA,Holland Board of Public Works,49008,1,05/02/2019,SWIN1905021400GGA,Raw Water,ND,ND,Isotope Dilution
WAYNE,Great Lakes Water Authority,3713777,1,04/30/2019,SWEF1904301220GSC,Treated Drinking Water,ND,ND,EPA 537
HURON,Huron Regional Water Authority,4311,1,05/07/2019,SWIN1905071300GGA,Raw Water,ND,ND,Isotope Dilution
OTTAWA,Holland Board of Public Works,49008,1,05/02/2019,SWEF1905021405GGA,Treated Drinking Water,ND,ND,EPA 537
IOSCO,Huron Shore Regional Utility Authority,14527,1,04/26/2019,SWEF1904260905GGA,Treated Drinking Water,ND,ND,Isotope Dilution
BAY,Linwood Metro Water District,909,1,04/25/2019,SWIN1904251300GGA,Raw Water,ND,ND,Isotope Dilution
GENESEE,Karegnondi Water Authority,143177,1,05/03/2019,SWIN1905031100GGA,Raw Water,ND,ND,Isotope Dilution
BERRIEN,Lake Charter Township,6800,1,04/24/2019,SWEF1904241155KER,Treated Drinking Water,ND,ND,EPA 537
BAY,Linwood Metro Water District,909,1,04/25/2019,SWEF1904251305GGA,Treated Drinking Water,ND,ND,Isotope Dilution
MONROE,Frenchtown Township,16481,1,04/29/2019,SWIN1904291405GSC,Raw Water,3,7,Isotope Dilution
HURON,"Harbor Beach, City of",1703,1,05/03/2019,SWIN1905031400GGA,Raw Water,ND,ND,Isotope Dilution
WAYNE,Great Lakes Water Authority,3713777,1,04/30/2019,SWEF1904301305GSC,Treated Drinking Water,ND,ND,EPA 537
HURON,Huron Regional Water Authority,4311,1,05/07/2019,SWEF1905071305GGA,Treated Drinking Water,ND,ND,Isotope Dilution
WAYNE,Great Lakes Water Authority,3713777,1,04/30/2019,SWIN1904301125GSC,Raw Water,ND,ND,Isotope Dilution
DELTA,Escanaba,13659,1,04/30/2019,SWEF1904301405GGA,Treated Drinking Water,ND,ND,EPA 537
BAY,Linwood Metro Water District,909,1,04/25/2019,SWEF1904251305GGA,Treated Drinking Water,ND,ND,EPA 537
WAYNE,Grosse Pointe Farms,14900,1,04/30/2019,SWEF1904301405GSC,Treated Drinking Water,ND,ND,EPA 537
GENESEE,Genesee County Water System,143177,1,05/03/2019,SWEF1905031005GGA,Treated Drinking Water,ND,ND,EPA 537
CHARLEVOIX,"Charlevoix, City of",3124,1,05/02/2019,SWIN1905020900GGA,Raw Water,ND,ND,Isotope Dilution
LENAWEE,Deerfield,943,1,04/29/2019,SWEF1904291150GSC,Treated Drinking Water,ND,ND,EPA 537
MONROE,Frenchtown Township,16481,1,04/29/2019,SWEF1904291400GSC,Treated Drinking Water,ND,ND,Isotope Dilution
HURON,Huron Regional Water Authority,4311,1,05/07/2019,SWEF1905071305GGA,Treated Drinking Water,ND,ND,EPA 537
DELTA,Escanaba,13659,1,04/30/2019,SWIN1904301400GA,Raw Water,ND,ND,Isotope Dilution
ST CLAIR,Ira Township,11112,1,04/30/2019,SWEF1904301555GSC,Treated Drinking Water,ND,ND,Isotope Dilution
DELTA,Gladstone,4396,1,04/30/2019,SWIN1904301000GGA,Raw Water,2,5,Isotope Dilution
MENOMINEE,Menominee,9999,1,04/30/2019,SWEF1904301105GGA,Treated Drinking Water,ND,ND,EPA 537
CHIPPEWA,Detour,325,1,05/01/2019,SWEF1905011405GGA,Treated Drinking Water,ND,ND,EPA 537
WAYNE,Great Lakes Water Authority,3713777,1,04/30/2019,SWEF1904301025GSC,Treated Drinking Water,ND,ND,Isotope Dilution
LENAWEE,Deerfield,943,1,04/29/2019,SWIN1904291200GSC,Raw Water,ND,2,Isotope Dilution
WAYNE,Grosse Pointe Farms,14900,1,04/30/2019,SWEF1904301405GSC,Treated Drinking Water,ND,ND,Isotope Dilution
BARAGA,L'anse,2300,1,04/29/2019,SWIN1904291130GGA,Raw Water,ND,ND,Isotope Dilution
GRATIOT,Gratiot Area Water Authority,16208,1,04/25/2019,SWEF1904250905GGA,Treated Drinking Water,ND,ND,Isotope Dilution
WAYNE,Grosse Pointe Farms,14900,1,04/30/2019,SWIN1904301400GSC,Raw Water,ND,ND,Isotope Dilution
CHIPPEWA,Detour,325,1,05/01/2019,SWIN1905011400GGA,Raw Water,ND,ND,Isotope Dilution
WAYNE,Great Lakes Water Authority,3713777,1,04/30/2019,SWEF1904301220GSC,Treated Drinking Water,ND,ND,Isotope Dilution
HURON,"Harbor Beach, City of",1703,1,05/03/2019,SWEF1905031405GGA,Treated Drinking Water,ND,ND,EPA 537
WAYNE,Great Lakes Water Authority,3713777,1,04/30/2019,SWEF1904301130GSC,Treated Drinking Water,ND,ND,Isotope Dilution
BERRIEN,Lake Charter Township,6800,1,04/24/2019,SWIN1904241150KER,Raw Water,ND,3,Isotope Dilution
WAYNE,Great Lakes Water Authority,3713777,1,04/30/2019,SWEF1904301130GSC,Treated Drinking Water,ND,ND,EPA 537
WAYNE,Great Lakes Water Authority,3713777,1,04/30/2019,SWIN1904301215GSC,Raw Water,ND,ND,Isotope Dilution
SANILAC,"Lexington, Village of",6380,1,05/03/2019,SWIN1905031200GGA,Raw Water,ND,ND,Isotope Dilution
HURON,"Harbor Beach, City of",1703,1,05/03/2019,SWEF1905031405GGA,Treated Drinking Water,ND,ND,Isotope Dilution
DELTA,Escanaba,13659,1,04/30/2019,SWEF1904301405GGA,Treated Drinking Water,ND,ND,Isotope Dilution
MENOMINEE,Menominee,9999,1,04/30/2019,SWEF1904301105GGA,Treated Drinking Water,ND,2,Isotope Dilution
CHARLEVOIX,"Charlevoix, City of",3124,1,05/02/2019,SWEF1905020905GGA,Treated Drinking Water,ND,ND,Isotope Dilution
WAYNE,Great Lakes Water Authority,3713777,1,04/30/2019,SWIN1904301300GSC,Raw Water,ND,ND,Isotope Dilution
SANILAC,"Lexington, Village of",6380,1,05/03/2019,SWEF1905031205GGA,Treated Drinking Water,ND,ND,EPA 537
ST CLAIR,Great Lakes Water Authority,3713777,1,05/01/2019,SWEF1905011125GSC,Treated Drinking Water,ND,ND,Isotope Dilution
IOSCO,Huron Shore Regional Utility Authority,14527,1,04/26/2019,SWIN1904260900GGA,Raw Water,ND,ND,Isotope Dilution
CHARLEVOIX,"Charlevoix, City of",3124,1,05/02/2019,SWEF1905020905GGA,Treated Drinking Water,ND,ND,EPA 537
GENESEE,Genesee County Water System,143177,1,05/03/2019,SWEF1905031005GGA,Treated Drinking Water,ND,ND,Isotope Dilution
LENAWEE,Deerfield,943,1,04/29/2019,SWEF1904291150GSC,Treated Drinking Water,ND,ND,Isotope Dilution
MASON,"Ludington, City of",10344,1,04/25/2019,SWIN1904251000KER,Raw Water,ND,ND,Isotope Dilution
ST CLAIR,Great Lakes Water Authority,3713777,1,05/01/2019,SWEF1905011125GSC,Treated Drinking Water,ND,ND,EPA 537
ST CLAIR,Ira Township,11112,1,04/30/2019,SWIN1904301550GSC,Raw Water,ND,ND,Isotope Dilution
ST CLAIR,Ira Township,11112,1,04/30/2019,SWEF1904301555GSC,Treated Drinking Water,ND,ND,EPA 537
OTTAWA,Holland Board of Public Works,49008,1,05/02/2019,SWEF1905021405GGA,Treated Drinking Water,ND,3,Isotope Dilution
DELTA,Gladstone,4396,1,04/30/2019,SWEF1904301005GGA,Treated Drinking Water,9,9,EPA 537
ST CLAIR,Great Lakes Water Authority,3713777,1,05/01/2019,SWIN1905011120GSC,Raw Water,ND,ND,Isotope Dilution
BERRIEN,Lake Charter Township,6800,1,04/24/2019,SWEF1904241155KER,Treated Drinking Water,ND,ND,Isotope Dilution
WAYNE,Great Lakes Water Authority,3713777,1,04/30/2019,SWEF1904301025GSC,Treated Drinking Water,ND,ND,EPA 537
BARAGA,L'anse,2300,1,04/29/2019,SWEF1904291135GGA,Treated Drinking Water,ND,ND,Isotope Dilution
MONROE,Frenchtown Township,16481,1,04/29/2019,SWEF1904291400GSC,Treated Drinking Water,ND,ND,EPA 537
WAYNE,Great Lakes Water Authority,3713777,1,04/30/2019,SWIN1904301025GSC,Raw Water,ND,ND,Isotope Dilution
MASON,"Ludington, City of",10344,1,04/25/2019,SWEF1904251005KER,Treated Drinking Water,ND,ND,Isotope Dilution
WAYNE,Wyandotte,25883,1,04/29/2019,SWEF1904291520GSC,Treated Drinking Water,ND,ND,Isotope Dilution
SCHOOLCRAFT,Manistique,3874,1,05/01/2019,SWEF1905010905GGA,Treated Drinking Water,ND,ND,EPA 537
ISABELLA,"Mount Pleasant, City of",26084,1,04/25/2019,SWEF1904251005GGA,Treated Drinking Water,ND,ND,Isotope Dilution
MACKINAC,Mackinac Island,469,1,04/27/2019,SWEF1904271005GGA,Treated Drinking Water,ND,ND,Isotope Dilution
ST CLAIR,Marine City,7852,1,05/01/2019,SWEF1905010830GSC,Treated Drinking Water,ND,ND,Isotope Dilution
SCHOOLCRAFT,Manistique,3874,1,05/01/2019,SWIN1905010900GGA,Raw Water,ND,ND,Isotope Dilution
MACOMB,"Mount Clemens, City of",18405,1,04/30/2019,SWEF1904301450GSC,Treated Drinking Water,ND,ND,EPA 537
MIDLAND,"Midland, City of",63108,1,04/25/2019,SWIN1904251100GGA,Raw Water,ND,ND,Isotope Dilution
MACKINAC,St Ignace,2900,1,04/26/2019,SWIN1904261300GGA,Raw Water,ND,ND,Isotope Dilution
MIDLAND,"Midland, City of",63108,1,04/25/2019,SWEF1904251105GGA,Treated Drinking Water,ND,ND,EPA 537
ARENAC,"Standish, City of",1509,1,04/25/2019,SWIN1904251430GGA,Raw Water,ND,ND,Isotope Dilution
MACKINAC,Mackinac Island,469,1,04/27/2019,SWEF1904271005GGA,Treated Drinking Water,ND,ND,EPA 537
VAN BUREN,South Haven,9305,1,04/26/2019,SWEF1904260920KER,Treated Drinking Water,ND,ND,EPA 537
MACKINAC,St Ignace,2900,1,04/26/2019,SWEF1904261305GGA,Treated Drinking Water,ND,ND,EPA 537
MACOMB,"New Baltimore, City of",12720,1,04/30/2019,SWIN1904301520GSC,Raw Water,ND,ND,Isotope Dilution
GRAND TRAVERSE,"Traverse City, City of",29476,1,05/02/2019,SWEF1905021005GGA,Treated Drinking Water,ND,ND,Isotope Dilution
MARQUETTE,Marquette,23700,1,04/29/2019,SWEF1904291405GGA,Treated Drinking Water,ND,ND,EPA 537
ST CLAIR,Marine City,7852,1,05/01/2019,SWEF1905010830GSC,Treated Drinking Water,ND,ND,EPA 537
ST CLAIR,"Marysville, City of",9959,1,05/01/2019,SWIN1905010945GSC,Raw Water,ND,ND,Isotope Dilution
ST CLAIR,"Marysville, City of",9959,1,05/01/2019,SWEF1905010950GSC,Treated Drinking Water,ND,ND,Isotope Dilution
MACOMB,"New Baltimore, City of",12720,1,04/30/2019,SWEF1904301525GSC,Treated Drinking Water,ND,ND,Isotope Dilution
MACOMB,"New Baltimore, City of",12720,1,04/30/2019,SWEF1904301525GSC,Treated Drinking Water,ND,ND,EPA 537
MIDLAND,"Midland, City of",63108,1,04/25/2019,SWEF1904251105GGA,Treated Drinking Water,ND,ND,Isotope Dilution
SCHOOLCRAFT,Manistique,3874,1,05/01/2019,SWEF1905010905GGA,Treated Drinking Water,ND,2,Isotope Dilution
ARENAC,"Standish, City of",1509,1,04/25/2019,SWEF1904261435GGA,Treated Drinking Water,ND,ND,EPA 537
ST CLAIR,"Marysville, City of",9959,1,05/01/2019,SWEF1905010950GSC,Treated Drinking Water,ND,ND,EPA 537
MARQUETTE,Marquette,23700,1,04/29/2019,SWIN1904291400GGA,Raw Water,ND,ND,Isotope Dilution
MACOMB,"Mount Clemens, City of",18405,1,04/30/2019,SWEF1904301450GSC,Treated Drinking Water,4,4,Isotope Dilution
MACKINAC,Mackinac Island,469,1,04/27/2019,SWIN1904271000GGA,Raw Water,ND,ND,Isotope Dilution
MACKINAC,St Ignace,2900,1,04/26/2019,SWEF1904261305GGA,Treated Drinking Water,ND,ND,Isotope Dilution
WAYNE,Wyandotte,25883,1,04/29/2019,SWEF1904291520GSC,Treated Drinking Water,ND,ND,EPA 537
MACOMB,"Mount Clemens, City of",18405,1,04/30/2019,SWIN1904301445GSC,Raw Water,ND,ND,Isotope Dilution
ARENAC,"Standish, City of",1509,1,04/25/2019,SWEF1904261435GGA,Treated Drinking Water,ND,ND,Isotope Dilution
VAN BUREN,South Haven,9305,1,04/26/2019,SWEF1904260920KER,Treated Drinking Water,ND,ND,Isotope Dilution
VAN BUREN,South Haven,9305,1,04/26/2019,SWIN1904426091KER,Raw Water,ND,ND,Isotope Dilution
ISABELLA,"Mount Pleasant, City of",26084,1,04/25/2019,SWIN1904251000GGA,Raw Water,ND,2,Isotope Dilution
ST CLAIR,Marine City,7852,1,05/01/2019,SWIN1905010825GSC,Raw Water,ND,ND,Isotope Dilution
MONROE,Monroe,53798,1,04/29/2019,SWEF1904291330GSC,Treated Drinking Water,ND,ND,EPA 537
WAYNE,Wyandotte,25883,1,04/29/2019,SWIN1904291515GSC,Raw Water,ND,ND,Isotope Dilution
GRAND TRAVERSE,"Traverse City, City of",29476,1,05/02/2019,SWIN1905021000GGA,Raw Water,ND,ND,Isotope Dilution
KENT,Wyoming,230113,1,04/26/2019,SWEF1904261050KER,Treated Drinking Water,ND,ND,EPA 537
KENT,Wyoming,230113,1,04/26/2019,SWIN1904261045KER,Raw Water,ND,4,Isotope Dilution
GRAND TRAVERSE,"Traverse City, City of",29476,1,05/02/2019,SWEF1905021005GGA,Treated Drinking Water,ND,ND,EPA 537
ISABELLA,"Mount Pleasant, City of",26084,1,04/25/2019,SWEF1904251005GGA,Treated Drinking Water,ND,ND,EPA 537
KENT,Wyoming,230113,1,04/26/2019,SWEF1904261050KER,Treated Drinking Water,ND,4,Isotope Dilution
MARQUETTE,Marquette,23700,1,04/29/2019,SWEF1904291405GGA,Treated Drinking Water,ND,ND,Isotope Dilution
MONROE,Monroe,53798,1,04/29/2019,SWIN1904291325GSC,Raw Water,2,2,Isotope Dilution
MONROE,Monroe,53798,1,04/29/2019,SWEF1904291330GSC,Treated Drinking Water,ND,ND,Isotope Dilution
ARENAC,"Omer, City of",313,1,05/07/2019,SWEF1905070905GGA,Treated Drinking Water,ND,ND,EPA 537
ARENAC,"Omer, City of",313,1,05/07/2019,SWIN1905070900GGA,Raw Water,ND,ND,Isotope Dilution
ARENAC,"Omer, City of",313,1,05/30/2019,SWEF1905070905GGA,Treated Drinking Water,ND,ND,Isotope Dilution
SAGINAW,"Saginaw, City of",172369,1,05/03/2019,SWEF1905030905GGA,Raw Water,ND,ND,Isotope Dilution
BERRIEN,New Buffalo,1940,1,04/24/2019,SWEF1904241020KER,Treated Drinking Water,ND,ND,EPA 537
ST CLAIR,"St. Clair, City of",8755,1,05/01/2019,SWEF1905010920GSC,Treated Drinking Water,ND,2,EPA 537
BERRIEN,St Joseph,35569,1,04/24/2019,SWEF1904241415KER,Treated Drinking Water,ND,ND,EPA 537
CHIPPEWA,Sault Ste Marie,14689,1,05/01/2019,SWIN1905011100GGA,Raw Water,ND,ND,Isotope Dilution
BERRIEN,St Joseph,35569,1,04/24/2019,SWIN1904241410KER,Raw Water,2,2,Isotope Dilution
BERRIEN,St Joseph,35569,1,04/24/2019,SWEF1904241415KER,Treated Drinking Water,ND,ND,Isotope Dilution
OTTAWA,Northwest Ottawa Co Water Syst,40416,1,04/25/2019,SWEF1904251325KER,Treated Drinking Water,ND,ND,EPA 537
LEELANAU,Northport Point Cottage Owners Association,240,1,05/03/2019,SWEF1905030850GSC,Treated Drinking Water,ND,ND,Isotope Dilution
SAGINAW,"Saginaw, City of",172369,1,05/03/2019,SWEF1905030905GGA,Raw Water,ND,ND,EPA 537
MUSKEGON,Muskegon,87880,1,04/25/2019,SWEF1904251135KER,Treated Drinking Water,ND,ND,EPA 537
MUSKEGON,Muskegon Heights,10856,1,04/25/2019,SWEF1904251215KER,Treated Drinking Water,ND,4,Isotope Dilution
WASHTENAW,Ann Arbor,127855,1,04/30/2019,SWIN1904300900GSC,Raw Water,ND,13,Isotope Dilution
ARENAC,Sims-Whitney Utilities Authority,5713,1,04/26/2019,SWIN1904260830GGA,Raw Water,ND,ND,Isotope Dilution
ONTONAGON,Ontonagon,2919,1,04/29/2019,SWIN1904290900GGA,Raw Water,ND,ND,Isotope Dilution
OTTAWA,Northwest Ottawa Co Water Syst,40416,1,04/25/2019,SWIN1904251320KER,Raw Water,ND,ND,Isotope Dilution
MUSKEGON,Muskegon,87880,1,04/25/2019,SWEF1904251135KER,Treated Drinking Water,ND,ND,Isotope Dilution
BERRIEN,New Buffalo,1940,1,04/24/2019,SWIN1904241010KER,Raw Water,ND,4,Isotope Dilution
ST CLAIR,St. Clair Water and Sewer Authority,4200,1,05/01/2019,SWEF1905010855GSC,Treated Drinking Water,ND,ND,EPA 537
MUSKEGON,Muskegon,87880,1,04/25/2019,SWIN190451130KER,Raw Water,ND,ND,Isotope Dilution
BERRIEN,New Buffalo,1940,1,04/24/2019,SWEF1904241020KER,Treated Drinking Water,ND,4,Isotope Dilution
ONTONAGON,Ontonagon,2919,1,04/29/2019,SWEF1904290905GGA,Treated Drinking Water,ND,ND,Isotope Dilution
ONTONAGON,Ontonagon,2919,1,04/29/2019,SWEF1904290905GGA,Treated Drinking Water,ND,ND,EPA 537
OTTAWA,Northwest Ottawa Co Water Syst,40416,1,04/25/2019,SWEF1904251325KER,Treated Drinking Water,ND,ND,Isotope Dilution
WASHTENAW,Ann Arbor,127855,1,04/30/2019,SWEF1904300905GSC,Treated Drinking Water,ND,6,Isotope Dilution
ARENAC,Sims-Whitney Utilities Authority,5713,1,04/26/2019,SWEF1904260830GGA,Treated Drinking Water,ND,ND,EPA 537
ARENAC,Sims-Whitney Utilities Authority,5713,1,04/26/2019,SWEF1904260830GGA,Treated Drinking Water,ND,ND,EPA 537
ST CLAIR,St. Clair Water and Sewer Authority,4200,1,05/01/2019,SWIN1905010850GSC,Raw Water,ND,ND,Isotope Dilution
CHIPPEWA,Sault Ste Marie,14689,1,05/01/2019,SWEF1905011105GGA,Treated Drinking Water,ND,ND,Isotope Dilution
ST CLAIR,"Port Huron, City of",61470,1,05/01/2019,SWEF1905011020GSC,Treated Drinking Water,ND,ND,Isotope Dilution
ST CLAIR,"Port Huron, City of",61470,1,05/01/2019,SWEF1905011020GSC,Treated Drinking Water,ND,ND,EPA 537
WASHTENAW,Ann Arbor,127855,1,04/30/2019,SWEF1904300905GSC,Treated Drinking Water,ND,ND,EPA 537
ST CLAIR,"Port Huron, City of",61470,1,05/01/2019,SWIN1905011015GSC,Raw Water,ND,ND,Isotope Dilution
MUSKEGON,Muskegon Heights,10856,1,04/25/2019,SWEF1904251215KER,Treated Drinking Water,ND,ND,EPA 537
MUSKEGON,Muskegon Heights,10856,1,04/25/2019,SWIN1904251210KKER,Raw Water,ND,ND,Isotope Dilution
ST CLAIR,"St. Clair, City of",8755,1,05/01/2019,SWIN1905010915GSC,Raw Water,ND,ND,Isotope Dilution
ST CLAIR,"St. Clair, City of",8755,1,05/01/2019,SWEF1905010920GSC,Treated Drinking Water,ND,ND,Isotope Dilution
LEELANAU,Northport Point Cottage Owners Association,240,1,05/03/2019,SWIN1905030840GSC,Raw Water,ND,ND,Isotope Dilution
ST CLAIR,St. Clair Water and Sewer Authority,4200,1,05/01/2019,SWEF1905010855GSC,Treated Drinking Water,ND,ND,Isotope Dilution
CHIPPEWA,Sault Ste Marie,14689,1,05/01/2019,SWEF1905011105GGA,Treated Drinking Water,ND,ND,EPA 537
LEELANAU,Northport Point Cottage Owners Association,240,1,05/03/2019,SWEF1905030850GSC,Treated Drinking Water,ND,ND,EPA 537
ARENAC,Saginaw-Midland Water Supply,338705,1,04/26/2019,SWIN1904260800GGA,Raw Water,ND,ND,Isotope Dilution
ARENAC,Saginaw Chippewa Indian Tribe of Michigan - Saganing,4653,2,05/28/2019,SWIN1905281500GSC,Raw Water,ND,ND,Isotope Dilution
ARENAC,Saginaw Chippewa Indian Tribe of Michigan - Saganing,4653,2,05/28/2019,SWEF1905281505GSC,Treated Drinking Water,ND,ND,EPA 537
BARAGA,Keweenaw Bay Indian Community - Zeba Treatment Plant,350,2,06/04/2019,SWEF1906041205GGA,Treated Drinking Water,ND,ND,EPA 537
BARAGA,Keweenaw Bay Indian Community - Zeba Treatment Plant,350,2,06/04/2019,SWIN1906041200GGA,Raw Water,ND,ND,Isotope Dilution
CHARLEVOIX,"Charlevoix, City of",3124,2,05/31/2019,SWEF1905311005GGA,Treated Drinking Water,ND,ND,EPA 537
WAYNE,Grosse Pointe Farms,14900,2,05/30/2019,GWIN1905300850MK,Raw Water,ND,ND,Isotope Dilution
WASHTENAW,Ann Arbor,127855,2,05/29/2019,GWEF1905291125MK,Treated Drinking Water,ND,3,EPA 537
ST CLAIR,Great Lakes Water Authority,3713777,2,05/31/2019,SWIN1905310830GSC,Raw Water,ND,ND,Isotope Dilution
LENAWEE,Deerfield,943,2,05/28/2019,GWIN1905281325MK,Raw Water,ND,3,Isotope Dilution
HURON,Huron Regional Water Authority,4311,2,05/30/2019,SWIN1905300950GSC,Raw Water,ND,ND,Isotope Dilution
MASON,"Ludington, City of",10344,2,05/28/2019,SWIN1905280950KER,Raw Water,ND,ND,Isotope Dilution
BERRIEN,Lake Charter Township,6800,2,05/29/2019,SWEF1905291055KER,Treated Drinking Water,ND,ND,EPA 537
BARAGA,L'anse,2300,2,06/04/2019,SWEF1906041105GGA,Treated Drinking Water,ND,ND,EPA 537
CHIPPEWA,Sault Ste Marie,14689,2,06/07/2019,SWEF1906071505GGA,Treated Drinking Water,ND,ND,EPA 537
MUSKEGON,Muskegon Heights,10856,2,05/28/2019,SWEF1905281225KER,Treated Drinking Water,ND,ND,EPA 537
DELTA,Escanaba,13659,2,06/06/2019,SWIN1906060900GGA,Raw Water,ND,ND,Isotope Dilution
BERRIEN,Lake Charter Township,6800,2,05/29/2019,SWIN1905291050KER,Raw Water,ND,ND,Isotope Dilution
ST CLAIR,Marine City,7852,2,05/30/2019,GWIN1905301320MK,Raw Water,ND,ND,Isotope Dilution
OTTAWA,Holland Board of Public Works,49008,2,05/30/2019,SWEF1905300935KER,Treated Drinking Water,ND,ND,EPA 537
IOSCO,Huron Shore Regional Utility Authority,14527,2,05/29/2019,SWEF1905291005GSC,Treated Drinking Water,ND,ND,EPA 537
BAY,Bay Area Water System,93915,2,05/29/2019,SWEF1905291210GSC,Treated Drinking Water,ND,ND,EPA 537
OTTAWA,Northwest Ottawa Co Water Syst,40416,2,05/28/2019,SWIN1905281320KER,Raw Water,ND,ND,Isotope Dilution
GENESEE,Karegnondi Water Authority,143177,2,05/30/2019,SWIN1905301435GSC,Raw Water,ND,ND,Isotope Dilution
LENAWEE,Deerfield,943,2,05/28/2019,GWEF1905281340MK,Treated Drinking Water,ND,ND,EPA 537
BERRIEN,New Buffalo,1940,2,05/29/2019,SWIN1905291200KER,Raw Water,ND,2,Isotope Dilution
GRATIOT,Gratiot Area Water Authority,16208,2,05/31/2019,GWEF1905310930KER,Treated Drinking Water,ND,ND,EPA 537
WAYNE,Great Lakes Water Authority,3713777,2,05/29/2019,GWIN1905291450MK,Raw Water,ND,ND,Isotope Dilution
ST CLAIR,"Marysville, City of",9959,2,05/31/2019,SWEF1905310955GSC,Treated Drinking Water,ND,ND,EPA 537
BERRIEN,Benton Charter Township,6883,2,05/29/2019,SWEF1905290945KER,Treated Drinking Water,ND,ND,EPA 537
ST CLAIR,"St. Clair, City of",8755,2,05/31/2019,SWEF1905311035GSC,Treated Drinking Water,ND,ND,EPA 537
BAY,Linwood Metro Water District,909,2,05/29/2019,SWEF1905291135GSC,Treated Drinking Water,ND,ND,EPA 537
WAYNE,Great Lakes Water Authority,3713777,2,05/29/2019,GWEF1905291455MK,Treated Drinking Water,ND,ND,EPA 537
KENT,Grand Rapids,329500,2,05/28/2019,SWEF1905281405KER,Treated Drinking Water,ND,ND,EPA 537
ST CLAIR,"Algonac, City of",13976,2,05/30/2019,GWEF1905301200MK,Treated Drinking Water,ND,ND,EPA 537
BARAGA,L'anse,2300,2,06/04/2019,SWIN1906041100GGA,Raw Water,ND,ND,Isotope Dilution
BERRIEN,Bridgman,2291,2,05/29/2019,SWEF1905291115KER,Treated Drinking Water,ND,ND,EPA 537
MACOMB,"Mount Clemens, City of",18405,2,05/30/2019,GWIN1905300940MK,Raw Water,ND,ND,Isotope Dilution
SAGINAW,"Saginaw, City of",172369,2,05/30/2019,SWEF1905291355GSC,Treated Drinking Water,ND,ND,EPA 537
MUSKEGON,Muskegon,87880,2,05/28/2019,SWEF1905281150KER,Treated Drinking Water,ND,ND,EPA 537
ARENAC,Sims-Whitney Utilities Authority,5713,2,05/28/2019,SWEF1905281240GSC,Treated Drinking Water,ND,ND,EPA 537
HURON,"Harbor Beach, City of",1703,2,05/30/2019,SWIN1905301050GSC,Raw Water,ND,ND,Isotope Dilution
CHIPPEWA,Sault Ste Marie,14689,2,06/07/2019,SWIN1906071500GGA,Raw Water,ND,ND,Isotope Dilution
MUSKEGON,Muskegon,87880,2,05/28/2019,SWEF1905281150KER,Treated Drinking Water,3,3,EPA 537
WASHTENAW,Ann Arbor,127855,2,05/29/2019,GWIN1905291120MK,Raw Water,3,21,Isotope Dilution
BERRIEN,New Buffalo,1940,2,05/29/2019,SWEF1905291205KER,Treated Drinking Water,ND,ND,EPA 537
BARAGA,Baraga,2240,2,06/04/2019,SWEF1906041005GGA,Treated Drinking Water,ND,ND,EPA 537
LEELANAU,Northport Point Cottage Owners Association,240,2,05/30/2019,SWEF1905301605GGA,Treated Drinking Water,ND,ND,EPA 537
ST CLAIR,"St. Clair, City of",8755,2,05/31/2019,SWIN1905311030GSC,Raw Water,ND,ND,Isotope Dilution
VAN BUREN,South Haven,9305,2,05/30/2019,SWIN1905301040KER,Raw Water,ND,ND,Isotope Dilution
DELTA,Gladstone,4396,2,06/06/2019,SWEF1906061005GGA,Treated Drinking Water,4,4,EPA 537
HURON,"Caseville, City of",777,2,05/30/2019,SWEF1905300845GSC,Treated Drinking Water,ND,ND,EPA 537
BAY,Linwood Metro Water District,909,2,05/29/2019,SWIN1905291130GSC,Raw Water,ND,ND,Isotope Dilution
CHIPPEWA,Detour,943,2,06/07/2019,SWEF1906071205GGA,Treated Drinking Water,ND,ND,EPA 537
SANILAC,"Lexington, Village of",6380,2,05/30/2019,SWEF1905301255GSC,Treated Drinking Water,ND,ND,EPA 537
MENOMINEE,Menominee,9999,2,06/05/2019,SWEF1906051605GGA,Treated Drinking Water,ND,ND,EPA 537
BERRIEN,Bridgman,2291,2,05/29/2019,SWIN1905291110KER,Raw Water,ND,ND,Isotope Dilution
LENAWEE,Adrian,21133,2,05/28/2019,GWEF1905281210MK,Treated Drinking Water,ND,ND,EPA 537
ARENAC,"Omer, City of",313,2,02/28/2019,SWEF1905281425GSC,Treated Drinking Water,ND,ND,EPA 537
ST CLAIR,Great Lakes Water Authority,3713777,2,05/31/2019,SWEF1905310835GSC,Treated Drinking Water,ND,ND,EPA 537
ONTONAGON,Ontonagon,2919,2,06/03/2019,SWEF1906031105GGA,Treated Drinking Water,ND,ND,EPA 537
ST CLAIR,"Port Huron, City of",61470,2,05/31/2019,SWIN1905310915GSC,Raw Water,ND,ND,Isotope Dilution
GENESEE,Genesee County Water System,143177,2,05/30/2019,SWEF1905301645GSC,Treated Drinking Water,ND,ND,EPA 537
MACKINAC,Mackinac Island,469,2,06/01/2019,SWIN1906011100GGA,Raw Water,ND,ND,Isotope Dilution
ST CLAIR,Marine City,7852,2,05/30/2019,GWEF1905301315MK,Treated Drinking Water,ND,ND,EPA 537
LENAWEE,Blissfield,3340,2,05/28/2019,GWIN1905281305MK,Raw Water,ND,3,Isotope Dilution
HURON,"Caseville, City of",777,2,05/30/2019,SWIN1905300840GSC-FD,Raw Water,ND,ND,Isotope Dilution
ST CLAIR,"Port Huron, City of",61470,2,05/31/2019,SWEF1905310920GSC,Treated Drinking Water,ND,ND,EPA 537
WAYNE,Grosse Pointe Farms,14900,2,05/30/2019,GWEF1905300855MK,Treated Drinking Water,ND,ND,EPA 537
HURON,"Caseville, City of",777,2,05/30/2019,SWIN1905300840GSC,Raw Water,ND,ND,Isotope Dilution
BERRIEN,Benton Charter Township,6883,2,05/29/2019,SWIN1905290940KER,Raw Water,ND,ND,Isotope Dilution
ARENAC,"Omer, City of",313,2,05/28/2019,SWIN1905281420GSC,Raw Water,ND,ND,Isotope Dilution
ARENAC,"Au Gres, City of",955,2,05/28/2019,SWIN1905281050GSC,Raw Water,ND,ND,Isotope Dilution
KENT,Grand Rapids,329500,2,05/28/2019,SWIN1905281400KER,Raw Water,ND,ND,Isotope Dilution
ST CLAIR,Ira Township,11112,2,05/30/2019,GWIN1905301125MK,Raw Water,ND,ND,Isotope Dilution
IOSCO,Huron Shore Regional Utility Authority,14527,2,05/29/2019,SWOM1905291000GSC,Raw Water,ND,ND,Isotope Dilution
ST CLAIR,"Algonac, City of",13976,2,05/30/2019,GWIN1905301205MK,Raw Water,ND,ND,Isotope Dilution
ARENAC,Sims-Whitney Utilities Authority,5713,2,05/28/2019,SWIN1905281235GSC,Raw Water,ND,ND,Isotope Dilution
ST CLAIR,St. Clair Water and Sewer Authority,4200,2,05/31/2019,SWEF1905311125GSC,Treated Drinking Water,ND,ND,EPA 537
MUSKEGON,Muskegon,87880,2,05/28/2019,SWIN1905281145KER,Raw Water,ND,ND,Isotope Dilution
OTTAWA,Northwest Ottawa Co Water Syst,40416,2,05/28/2019,SWEF1905281325KER,Treated Drinking Water,ND,ND,EPA 537
LENAWEE,Adrian,21133,2,05/28/2019,GWIN1905281220MK,Raw Water,ND,4,Isotope Dilution
MARQUETTE,Marquette,23700,2,06/05/2019,SWEF1906050905GGA,Treated Drinking Water,ND,ND,EPA 537
MACKINAC,Mackinac Island,469,2,06/01/2019,SWEF190611105GGA,Treated Drinking Water,ND,ND,EPA 537
HURON,"Caseville, City of",777,2,05/30/2019,SWEF1905300845GSC-FD,Treated Drinking Water,ND,ND,EPA 537
ONTONAGON,Ontonagon,2919,2,06/03/2019,SWIN1906031100GGA,Raw Water,ND,ND,Isotope Dilution
MONROE,Monroe,53798,2,05/28/2019,GWEF1905281440MK,Treated Drinking Water,ND,2,EPA 537
MACOMB,"Mount Clemens, City of",18405,2,05/30/2019,GWEF1905300945MK,Treated Drinking Water,5,7,EPA 537
ST CLAIR,"Marysville, City of",9959,2,05/31/2019,SWEF1905310955GSC-FD,Treated Drinking Water,ND,ND,EPA 537
MONROE,Frenchtown Township,16481,2,05/28/2019,GWEF1905281505MK,Treated Drinking Water,ND,2,EPA 537
BARAGA,Baraga,2240,2,06/04/2019,SWIN1906041000GGA,Raw Water,ND,ND,Isotope Dilution
CHARLEVOIX,"Charlevoix, City of",3124,2,05/31/2019,SWIN1905311000GGA,Raw Water,ND,ND,Isotope Dilution
BERRIEN,Benton Harbor,9970,2,05/29/2019,SWEF1905291015KER,Treated Drinking Water,ND,ND,EPA 537
MONROE,Monroe,53798,2,05/28/2019,GWIN1905281435MK,Raw Water,ND,ND,Isotope Dilution
MACOMB,"New Baltimore, City of",12720,2,05/30/2019,GWEF1905301045MK,Treated Drinking Water,ND,ND,EPA 537
SANILAC,"Lexington, Village of",6380,2,05/30/2019,SWIN1905301250GSC,Raw Water,ND,ND,Isotope Dilution
MACOMB,"New Baltimore, City of",12720,2,05/30/2019,GWIN1905301040MK,Raw Water,ND,ND,Isotope Dilution
MASON,"Ludington, City of",10344,2,05/28/2019,SWEF1905280955KER,Treated Drinking Water,ND,ND,EPA 537
VAN BUREN,South Haven,9305,2,05/30/2019,SWEF1905301045KER,Treated Drinking Water,ND,ND,EPA 537
CHIPPEWA,Detour,943,2,06/07/2019,SWIN190671200GGA,Raw Water,ND,ND,Isotope Dilution
MACOMB,"Mount Clemens, City of",18405,2,05/30/2019,GWEF1905300945MK-FD,Treated Drinking Water,2,2,EPA 537
ARENAC,"Au Gres, City of",955,2,05/28/2019,SWEF1905281055GSC,Treated Drinking Water,ND,ND,EPA 537
BERRIEN,Benton Harbor,9970,2,05/29/2019,SWIN1905291010KER,Raw Water,ND,ND,Isotope Dilution
DELTA,Escanaba,13659,2,06/06/2019,SWEF1906060905GGA,Treated Drinking Water,ND,ND,EPA 537
MENOMINEE,Menominee,9999,2,06/05/2019,GWEF1906051605GGA-FD,Treated Drinking Water,ND,ND,EPA 537
BAY,Bay Area Water System,93915,2,05/29/2019,SWIN1905291205GSC,Raw Water,ND,ND,Isotope Dilution
OTTAWA,Holland Board of Public Works,49008,2,05/30/2019,SWIN1905300930KER,Raw Water,ND,ND,Isotope Dilution
HURON,Huron Regional Water Authority,4311,2,05/30/2019,SWEF1905300955GSC,Treated Drinking Water,ND,ND,EPA 537
ST CLAIR,St. Clair Water and Sewer Authority,4200,2,05/31/2019,SWIN1905311120GSC,Raw Water,ND,ND,Isotope Dilution
MIDLAND,"Midland, City of",63108,2,05/29/2019,SWEF1905291300GSC,Treated Drinking Water,ND,ND,EPA 537
MONROE,Frenchtown Township,16481,2,05/28/2019,GWIN1905281510MK,Raw Water,ND,ND,Isotope Dilution
HURON,"Harbor Beach, City of",1703,2,05/30/2019,SWEF1905301055GSC,Treated Drinking Water,ND,ND,EPA 537
DELTA,Gladstone,4396,2,06/06/2019,SWIN1906061000GGA,Raw Water,2,2,Isotope Dilution
MARQUETTE,Marquette,23700,2,06/05/2019,SWIN1906050900GGA,Raw Water,ND,ND,Isotope Dilution
DELTA,Escanaba,13659,2,06/06/2019,SWIN1906060900GGA-FD,Raw Water,ND,ND,Isotope Dilution
ST CLAIR,"Marysville, City of",9959,2,05/31/2019,SWIN1905310950GSC,Raw Water,ND,ND,Isotope Dilution
ST CLAIR,"Marysville, City of",9959,2,05/31/2019,SWIN1905310950GSC-FD,Raw Water,ND,ND,Isotope Dilution
MUSKEGON,Muskegon Heights,10856,2,05/28/2019,SWIN1905281220KER,Raw Water,ND,ND,Isotope Dilution
LENAWEE,Blissfield,3340,2,05/28/2019,GWEF1905281300MK,Treated Drinking Water,ND,2,EPA 537
LEELANAU,Northport Point Cottage Owners Association,240,2,05/30/2019,SWIN1905301600GGA,Raw Water,ND,ND,Isotope Dilution
MIDLAND,"Midland, City of",63108,2,05/29/2019,SWIN1905291255GSC,Raw Water,ND,ND,Isotope Dilution
ST CLAIR,Ira Township,11112,2,05/30/2019,GWEF1905301115MK,Treated Drinking Water,ND,ND,EPA 537
KENT,Wyoming,230113,2,05/30/2019,SWEF1905300905KER,Treated Drinking Water,ND,ND,EPA 537
WAYNE,Wyandotte,25883,2,05/29/2019,GWIN1905291250MK,Raw Water,ND,ND,Isotope Dilution
GRAND TRAVERSE,"Traverse City, City of",29476,2,05/30/2019,SWIN1905301500GGA,Raw Water,ND,ND,Isotope Dilution
GRAND TRAVERSE,"Traverse City, City of",29476,2,05/30/2019,SWEF1905301505GGA,Treated Drinking Water,ND,ND,EPA 537
ISABELLA,"Mount Pleasant, City of",26084,2,05/31/2019,SWEF1905311020KER,Treated Drinking Water,ND,ND,EPA 537
ARENAC,"Standish, City of",1509,2,05/28/2019,SWEF1905281350GSC,Treated Drinking Water,ND,ND,EPA 537
BERRIEN,St Joseph,35569,2,05/29/2019,SWEF1905290915KER,Treated Drinking Water,ND,ND,EPA 537
MACKINAC,St Ignace,2900,2,05/31/2019,SWIN1905311700GGA,Raw Water,ND,ND,Isotope Dilution
BERRIEN,St Joseph,35569,2,05/29/2019,SWIN1905290910KER,Raw Water,ND,ND,Isotope Dilution
MACKINAC,St Ignace,2900,2,05/31/2019,SWEF1905311705GGA,Treated Drinking Water,ND,ND,EPA 537
ARENAC,Saginaw-Midland Water Supply,338705,2,05/28/2019,SWIN1905281130GSC,Raw Water,ND,ND,Isotope Dilution
WAYNE,Wyandotte,25883,2,05/29/2019,GWEF1905291255MK,Treated Drinking Water,ND,ND,EPA 537
ARENAC,Saginaw-Midland Water Supply,338705,2,05/28/2019,SWEF1905281135GSC,Raw Water,ND,ND,EPA 537
KENT,Wyoming,230113,2,05/30/3029,SWIN1905300900KER,Raw Water,ND,ND,Isotope Dilution
SCHOOLCRAFT,Manistique,3874,2,06/06/2019,SWEF1906061105GGA,Treated Drinking Water,ND,ND,EPA 537
ISABELLA,"Mount Pleasant, City of",26084,2,05/31/2019,SWIN1905311045KER,Raw Water,ND,6,Isotope Dilution
ARENAC,"Standish, City of",1509,2,05/28/2019,SWIN1905281345GSC,Raw Water,ND,ND,Isotope Dilution
ALPENA,"Alpena, City of",15680,2,05/29/2019,SWIN1905290810GSC,Raw Water,ND,ND,Isotope Dilution
ALPENA,"Alpena, City of",15680,2,05/29/2019,SWEF1905290815GSC,Treated Drinking Water,ND,ND,EPA 537
ST CLAIR,Great Lakes Water Authority,3713777,3,06/27/2019,SWEF1906270805GSC,Treated Drinking Water,ND,ND,EPA 537
ARENAC,Saginaw Chippewa Indian Tribe of Michigan - Saganing,4653,3,06/24/2019,SWIN1906241410GSC,Raw Water,ND,ND,Isotope Dilution
ALPENA,"Alpena, City of",15680,3,06/25/2019,SWIN1906250800GSC,Raw Water,ND,ND,Isotope Dilution
HURON,"Caseville, City of",777,3,06/26/2019,SWIN1906260850GSC,Raw Water,ND,ND,Isotope Dilution
WAYNE,Great Lakes Water Authority,3713777,3,06/28/2019,SWIN1906281040GSC,Raw Water,ND,ND,Isotope Dilution
WAYNE,Great Lakes Water Authority,3713777,3,06/28/2019,SWIN1906280840GSC,Raw Water,ND,ND,Isotope Dilution
MONROE,Frenchtown Township,16481,3,06/24/2019,SWEF1906241430KER,Treated Drinking Water,ND,ND,EPA 537
ALPENA,"Alpena, City of",15680,3,06/25/2019,SWEF1906250805GSC,Treated Drinking Water,ND,ND,EPA 537
LENAWEE,Adrian,21133,3,06/24/2019,SWIN1906241030KER,Raw Water,ND,5,Isotope Dilution
ARENAC,"Au Gres, City of",955,3,06/24/2019,SWIN1906241120GSC,Raw Water,ND,ND,Isotope Dilution
CHARLEVOIX,"Charlevoix, City of",3124,3,07/03/2019,SWIN1907031200GGA,Raw Water,ND,ND,Isotope Dilution
GENESEE,Genesee County Water System,143177,3,06/26/2019,SWEF1906261550GSC,Treated Drinking Water,ND,ND,EPA 537
LENAWEE,Adrian,21133,3,06/24/2019,GWEF1906241020KER,Treated Drinking Water,ND,ND,EPA 537
LENAWEE,Adrian,21133,3,06/24/2019,SWIN1906241030KER-FD,Raw Water,ND,4,Isotope Dilution
ARENAC,"Au Gres, City of",955,3,06/24/2019,SWEF1906241125GSC,Treated Drinking Water,ND,ND,EPA 537
BAY,Bay Area Water System,93915,3,06/25/2019,SWEF1906251225GSC,Treated Drinking Water,ND,ND,EPA 537
BERRIEN,Bridgman,2291,3,06/26/2019,SWIN1906261110KER,Raw Water,ND,ND,Isotope Dilution
ST CLAIR,Great Lakes Water Authority,3713777,3,06/27/2019,SWEF1906270805GSC-FD,Treated Drinking Water,ND,ND,EPA 537
BERRIEN,Benton Harbor,9970,3,06/26/2019,SWIN1906261220KER,Raw Water,ND,ND,Isotope Dilution
DELTA,Gladstone,4396,3,07/02/2019,SWIN1907021000GGA,Raw Water,2,2,Isotope Dilution
BERRIEN,Bridgman,2291,3,06/26/2019,SWEF1906261120KER,Treated Drinking Water,2,2,EPA 537
ST CLAIR,Great Lakes Water Authority,3713777,3,06/27/2019,SWIN1906270800GSC-FD,Raw Water,ND,ND,Isotope Dilution
KENT,Grand Rapids,329500,3,06/25/2019,SWIN1906251430KER,Raw Water,ND,ND,Isotope Dilution
LENAWEE,Deerfield,943,3,06/24/2019,SWEF1906241220KER,Treated Drinking Water,ND,3,EPA 537
BERRIEN,Benton Charter Township,6883,3,06/26/2019,SWIN1906261300KER,Raw Water,ND,ND,Isotope Dilution
GRATIOT,Gratiot Area Water Authority,16208,3,07/02/2019,GWEF1907020940GSC,Treated Drinking Water,ND,ND,EPA 537
BARAGA,Baraga,2240,3,07/01/2019,SWIN1907011000GGA,Raw Water,ND,ND,Isotope Dilution
ALPENA,"Alpena, City of",15680,3,06/25/2019,SWIN1906250800GSC-FD,Raw Water,ND,ND,Isotope Dilution
DELTA,Gladstone,4396,3,07/02/2019,SWEF1907021005GGA,Treated Drinking Water,2,2,EPA 537
ALPENA,"Alpena, City of",15680,3,06/25/2019,SWEF1906250805GSC-FD,Treated Drinking Water,ND,ND,EPA 537
ST CLAIR,"Algonac, City of",13976,3,06/27/2019,SWEF1906271250GSC,Treated Drinking Water,ND,ND,EPA 537
GRATIOT,Gratiot Area Water Authority,16208,3,07/02/2019,GWIN1907020935GSC,Raw Water,ND,ND,Isotope Dilution
WAYNE,Great Lakes Water Authority,3713777,3,06/28/2019,SWIN1906281125GSC,Raw Water,ND,ND,Isotope Dilution
WAYNE,Great Lakes Water Authority,3713777,3,06/28/2019,SWEF1906280930GSC,Treated Drinking Water,ND,ND,EPA 537
CHARLEVOIX,"Charlevoix, City of",3124,3,07/03/2019,SWEF1907031205GGA,Treated Drinking Water,ND,ND,EPA 537
BAY,Bay Area Water System,93915,3,06/25/2019,SWIN1906251220GSC,Raw Water,ND,ND,EPA 537
LENAWEE,Blissfield,3340,3,06/24/2019,SWEF1906241120KER,Treated Drinking Water,ND,3,EPA 537
BERRIEN,Benton Charter Township,6883,3,06/26/2019,SWEF1906261310KER,Treated Drinking Water,ND,ND,EPA 537
WAYNE,Great Lakes Water Authority,3713777,3,06/28/2019,SWEF1906281130GSC,Treated Drinking Water,ND,ND,EPA 537
DELTA,Escanaba,13659,3,07/02/2019,SWEF1907021105GGA,Treated Drinking Water,ND,ND,EPA 537
CHIPPEWA,Detour,325,3,06/28/2019,SWEF1906280805GGA,Treated Drinking Water,ND,ND,EPA 537
WAYNE,Great Lakes Water Authority,3713777,3,06/28/2019,SWIN1906280925GSC,Raw Water,ND,ND,Isotope Dilution
HURON,"Caseville, City of",777,3,06/26/2019,SWEF1906260855GSC,Treated Drinking Water,ND,ND,EPA 537
LENAWEE,Deerfield,943,3,06/24/2019,SWIN1906241230KER,Raw Water,ND,4,Isotope Dilution
WAYNE,Great Lakes Water Authority,3713777,3,06/28/2019,SWEF1906280850GSC,Treated Drinking Water,ND,ND,EPA 537
CHIPPEWA,Detour,325,3,06/28/2019,SWIN1906280800GGA,Raw Water,ND,ND,Isotope Dilution
DELTA,Escanaba,13659,3,07/02/2019,SWIN1907021100GGA,Raw Water,ND,ND,Isotope Dilution
BERRIEN,Benton Harbor,9970,3,06/26/2019,SWEF1906261230KER,Treated Drinking Water,2,2,EPA 537
KENT,Grand Rapids,329500,3,06/25/2019,SWEF1906251350KER,Treated Drinking Water,ND,ND,EPA 537
ST CLAIR,"Algonac, City of",13976,3,06/27/2019,SWIN1906271245GSC,Raw Water,ND,ND,Isotope Dilution
BARAGA,Baraga,2240,3,07/01/2019,SWEF1907011005GGA,Treated Drinking Water,ND,ND,EPA 537
CHARLEVOIX,"Charlevoix, City of",3124,3,07/03/2019,SWIN1907031200GGA-FD,Raw Water,ND,ND,Isotope Dilution
WAYNE,Great Lakes Water Authority,3713777,3,06/28/2019,SWEF1906281045GSC,Treated Drinking Water,ND,ND,EPA 537
LENAWEE,Blissfield,3340,3,06/24/2019,SWEF1906241120KER-FD,Treated Drinking Water,ND,3,EPA 537
ST CLAIR,Great Lakes Water Authority,3713777,3,06/27/2019,SWIN1906270900GSC,Raw Water,ND,ND,Isotope Dilution
LENAWEE,Blissfield,3340,3,06/24/2019,SWIN1906241130KER,Raw Water,ND,3,Isotope Dilution
MONROE,Frenchtown Township,16481,3,06/24/2019,SWIN1906241420KER,Raw Water,ND,ND,Isotope Dilution
ARENAC,Saginaw Chippewa Indian Tribe of Michigan - Saganing,4653,3,06/24/2019,SWEF1906241415GSC,Treated Drinking Water,ND,ND,EPA 537
CHARLEVOIX,"Charlevoix, City of",3124,3,07/03/2019,SWEF1907031205GGA-FD,Treated Drinking Water,ND,ND,EPA 537
BERRIEN,Lake Charter Township,6800,3,06/26/2019,SWEF1906261150KER,Treated Drinking Water,3,5,EPA 537
OTTAWA,Holland Board of Public Works,49008,3,06/27/2019,SWEF1906271400KER,Treated Drinking Water,3,3,EPA 537
ST CLAIR,Marine City,7852,3,06/27/2019,SWEF1906271140GSC,Treated Drinking Water,ND,ND,EPA 537
ST CLAIR,"Marysville, City of",9959,3,06/27/2019,SWEF1906271005GSC,Treated Drinking Water,ND,ND,EPA 537
MACOMB,"Mount Clemens, City of",18405,3,06/27/2019,SWIN1906271445GSC,Raw Water,2,2,Isotope Dilution
MONROE,Monroe,53798,3,06/24/2019,SWEF1906241340KER,Treated Drinking Water,ND,ND,EPA 537
MIDLAND,"Midland, City of",63108,3,06/25/2019,SWIN1906251330GSC,Raw Water,ND,ND,Isotope Dilution
MARQUETTE,Marquette,23700,3,06/28/2019,SWEF1906281405GGA,Treated Drinking Water,ND,ND,EPA 537
WAYNE,Grosse Pointe Farms,14900,3,06/28/2019,SWIN1906280740GSC-FD,Raw Water,ND,ND,Isotope Dilution
BARAGA,L'anse,2300,3,07/01/2019,SWIN1907010900GGA,Raw Water,ND,ND,Isotope Dilution
IOSCO,Huron Shore Regional Utility Authority,14527,3,06/25/2019,SWIN1906251015GSC,Raw Water,ND,ND,Isotope Dilution
BAY,Linwood Metro Water District,909,3,06/25/2019,SWEF1906251205GSC,Treated Drinking Water,ND,ND,EPA 537
ST CLAIR,"Marysville, City of",9959,3,06/27/2019,SWIN1906271000GSC,Raw Water,ND,ND,Isotope Dilution
HURON,"Harbor Beach, City of",1703,3,06/26/2019,SWIN1906261030GSC,Raw Water,ND,ND,Isotope Dilution
BERRIEN,Lake Charter Township,6800,3,06/26/2019,SWIN1906261140KER,Raw Water,ND,ND,Isotope Dilution
ISABELLA,"Mount Pleasant, City of",26084,3,07/02/2019,SWEF1907021100GSC,Treated Drinking Water,ND,ND,EPA 537
MASON,"Ludington, City of",10344,3,06/25/2019,SWIN1906251000KER,Raw Water,ND,ND,Isotope Dilution
MACOMB,"Mount Clemens, City of",18405,3,06/27/2019,SWEF1906271450GSC,Treated Drinking Water,ND,ND,EPA 537
SANILAC,"Lexington, Village of",6380,3,06/26/2019,SWEF1906261245GSC,Treated Drinking Water,ND,ND,EPA 537
SCHOOLCRAFT,Manistique,3874,3,07/03/2019,SWEF1907030905GGA,Treated Drinking Water,ND,ND,EPA 537
MENOMINEE,Menominee,9999,3,07/02/2019,SWIN1907020900GGA,Raw Water,ND,2,Isotope Dilution
ST CLAIR,Marine City,7852,3,06/27/2019,SWIN1906271135GSC,Raw Water,ND,ND,Isotope Dilution
ISABELLA,"Mount Pleasant, City of",26084,3,07/02/2019,SWIN1907021055GSC,Raw Water,ND,ND,Isotope Dilution
MACKINAC,Mackinac Island,469,3,06/27/2019,SWIN1906271100GGA,Raw Water,ND,ND,Isotope Dilution
MENOMINEE,Menominee,9999,3,07/02/2019,SWEF1907020905GGA,Treated Drinking Water,ND,ND,EPA 537
MARQUETTE,Marquette,23700,3,06/28/2019,SWIN1906281400GGA,Raw Water,ND,ND,Isotope Dilution
WAYNE,Grosse Pointe Farms,14900,3,06/28/2019,SWEF1906280750GSC-FD,Treated Drinking Water,ND,ND,EPA 537
SANILAC,"Lexington, Village of",6380,3,06/26/2019,SWIN1906261240GSC,Raw Water,ND,ND,Isotope Dilution
BARAGA,L'anse,2300,3,07/01/2019,SWEF1907010905GGA,Treated Drinking Water,ND,ND,EPA 537
HURON,Huron Regional Water Authority,4311,3,06/26/2019,SWEF1906260940GSC,Treated Drinking Water,ND,ND,EPA 537
WAYNE,Grosse Pointe Farms,14900,3,06/28/2019,SWEF1906280750GSC,Treated Drinking Water,ND,ND,EPA 537
MACKINAC,Mackinac Island,469,3,06/27/2019,SWEF1906271105GGA,Treated Drinking Water,ND,ND,EPA 537
WAYNE,Grosse Pointe Farms,14900,3,06/28/2019,SWIN1906280740GSC,Raw Water,ND,ND,Isotope Dilution
MASON,"Ludington, City of",10344,3,06/25/2019,SWEF1906251010KER,Treated Drinking Water,ND,ND,EPA 537
WASHTENAW,Ann Arbor,127855,3,06/19/2019,GWEF1906190910RL,Treated Drinking Water,ND,3,EPA 537
HURON,"Harbor Beach, City of",1703,3,06/26/2019,SWEF1906261035GSC,Treated Drinking Water,ND,ND,EPA 537
MONROE,Monroe,53798,3,06/24/2019,SWIN1906241350KER,Raw Water,ND,ND,Isotope Dilution
SCHOOLCRAFT,Manistique,3874,3,07/03/2019,SWIN1907030900GGA,Raw Water,ND,ND,Isotope Dilution
IOSCO,Huron Shore Regional Utility Authority,14527,3,06/25/2019,SWEF1906251020GSC,Treated Drinking Water,ND,ND,EPA 537
HURON,Huron Regional Water Authority,4311,3,06/26/2019,SWIN1906260935GSC,Raw Water,ND,ND,Isotope Dilution
ST CLAIR,Ira Township,11112,3,06/27/2019,SWEF1906271320GSC,Treated Drinking Water,ND,ND,EPA 537
OTTAWA,Holland Board of Public Works,49008,3,06/27/2019,SWIN1906271350KER,Raw Water,ND,ND,Isotope Dilution
GENESEE,Karegnondi Water Authority,143177,3,07/26/2019,SWIN1906261345GSC,Raw Water,ND,ND,Isotope Dilution
MIDLAND,"Midland, City of",63108,3,06/25/2019,SWEF1906251335GSC,Treated Drinking Water,ND,ND,EPA 537
BAY,Linwood Metro Water District,909,3,06/25/2019,SWIN1906251200GSC,Raw Water,ND,ND,Isotope Dilution
ST CLAIR,Ira Township,11112,3,06/27/2019,SWIN1906271315GSC,Raw Water,ND,ND,Isotope Dilution
BERRIEN,New Buffalo,1940,3,06/26/2019,SWIN1906261030KER,Raw Water,ND,ND,Isotope Dilution
LEELANAU,Northport Point Cottage Owners Association,240,3,07/02/2019,SWIN1907021500GSC-FD,Raw Water,ND,ND,Isotope Dilution
ARENAC,Saginaw-Midland Water Supply,338705,3,06/24/2019,SWIN1906241200GSC,Raw Water,ND,ND,Isotope Dilution
LEELANAU,Northport Point Cottage Owners Association,240,3,07/02/2019,SWEF1907021505GSC-FD,Treated Drinking Water,ND,ND,EPA 537
MACOMB,"New Baltimore, City of",12720,3,06/27/2019,SWIN1906271345GSC,Raw Water,ND,ND,Isotope Dilution
ST CLAIR,"Port Huron, City of",61470,3,06/27/2019,SWIN1906270915GSC,Raw Water,ND,ND,Isotope Dilution
ARENAC,Saginaw-Midland Water Supply,338705,3,06/24/2019,SWEF1906241205GSC,Treated Drinking Water,ND,ND,EPA 537
ONTONAGON,Ontonagon,2919,3,07/01/2019,SWEF1907011405GGA,Treated Drinking Water,ND,ND,EPA 537
LEELANAU,Northport Point Cottage Owners Association,240,3,07/02/2019,SWIN1907021500GSC,Raw Water,ND,ND,Isotope Dilution
MUSKEGON,Muskegon Heights,10856,3,06/25/2019,SWEF1906251210KER,Treated Drinking Water,2,2,EPA 537
CHIPPEWA,Sault Ste Marie,14689,3,06/28/2019,SWIN1906280900GGA,Raw Water,ND,ND,Isotope Dilution
BERRIEN,New Buffalo,1940,3,06/26/2019,SWEF1906261040KER,Treated Drinking Water,2,4,EPA 537
OTTAWA,Northwest Ottawa Co Water Syst,40416,3,06/25/2019,SWIN1906251300KER,Raw Water,ND,ND,Isotope Dilution
ARENAC,"Omer, City of",313,3,06/24/2019,SWEF1906241305GSC,Treated Drinking Water,ND,ND,EPA 537
LEELANAU,Northport Point Cottage Owners Association,240,3,07/02/2019,SWEF1907021505GSC,Treated Drinking Water,ND,ND,EPA 537
OTTAWA,Northwest Ottawa Co Water Syst,40416,3,06/25/2019,SWEF1906251310KER,Treated Drinking Water,ND,4,EPA 537
CHIPPEWA,Sault Ste Marie,14689,3,06/28/2019,SWEF1906280905GGA,Treated Drinking Water,ND,ND,EPA 537
MACOMB,"New Baltimore, City of",12720,3,06/27/2019,SWEF1906271350GSC,Treated Drinking Water,ND,ND,EPA 537
MUSKEGON,Muskegon,87880,3,06/25/2019,SWEF1906251140KER,Treated Drinking Water,ND,ND,EPA 537
ARENAC,"Omer, City of",313,3,06/24/2019,SWIN1906241300GSC,Raw Water,ND,ND,Isotope Dilution
MUSKEGON,Muskegon Heights,10856,3,06/25/2019,SWIN1906251200KER,Raw Water,2,2,Isotope Dilution
MUSKEGON,Muskegon,87880,3,06/25/2019,SWIN1906251130KER,Raw Water,2,2,Isotope Dilution
ST CLAIR,"Port Huron, City of",61470,3,06/27/2019,SWEF1906270920GSC,Treated Drinking Water,ND,ND,EPA 537
SAGINAW,"Saginaw, City of",172369,3,06/25/2019,SWEF1906251410GSC,Treated Drinking Water,ND,ND,EPA 537
KENT,Wyoming,230113,3,06/27/2019,SWIN1906271320KER,Raw Water,ND,ND,Isotope Dilution
ONTONAGON,Ontonagon,2919,3,07/01/2019,SWIN1907011400GGA,Raw Water,ND,ND,Isotope Dilution
MACKINAC,St Ignace,2900,3,06/27/2019,SWIN1906271400GGA,Raw Water,ND,ND,Isotope Dilution
VAN BUREN,South Haven,9305,3,06/27/2019,SWEF1906271510KER,Treated Drinking Water,2,2,EPA 537
BERRIEN,St Joseph,35569,3,06/26/2019,SWEF1906260920KER,Treated Drinking Water,ND,ND,EPA 537
WAYNE,Wyandotte,25883,3,06/28/2019,SWEF1906281220GSC,Treated Drinking Water,ND,ND,EPA 537
BERRIEN,St Joseph,35569,3,06/26/2019,SWIN1906260910KER,Raw Water,ND,ND,Isotope Dilution
GRAND TRAVERSE,"Traverse City, City of",29476,3,07/02/2019,SWIN1907021315GSC,Raw Water,ND,ND,Isotope Dilution
ARENAC,Sims-Whitney Utilities Authority,5713,3,06/24/2019,SWIN1906241230GSC,Raw Water,ND,ND,Isotope Dilution
WAYNE,Wyandotte,25883,3,06/28/2019,SWIN1906281215GSC,Raw Water,ND,ND,Isotope Dilution
ARENAC,Sims-Whitney Utilities Authority,5713,3,06/24/2019,SWEF1906241245GSC,Treated Drinking Water,ND,ND,EPA 537
MACKINAC,St Ignace,2900,3,06/27/2019,SWEF1906271405GGA,Treated Drinking Water,ND,ND,EPA 537
VAN BUREN,South Haven,9305,3,06/27/2019,SWIN1906271500KER,Raw Water,ND,ND,Isotope Dilution
ST CLAIR,"St. Clair, City of",8755,3,06/27/2019,SWIN1906271025GSC,Raw Water,ND,ND,Isotope Dilution
ST CLAIR,St. Clair Water and Sewer Authority,4200,3,06/27/2019,SWIN1906271100GSC,Raw Water,ND,ND,Isotope Dilution
ST CLAIR,"St. Clair, City of",8755,3,06/27/2019,SWEF1906271030GSC,Treated Drinking Water,ND,ND,EPA 537
ST CLAIR,St. Clair Water and Sewer Authority,4200,3,06/27/2019,SWEF1906271105GSC,Treated Drinking Water,ND,ND,EPA 537
ARENAC,"Standish, City of",1509,3,06/24/2019,SWIN1906241330GSC,Raw Water,ND,ND,Isotope Dilution
ARENAC,"Standish, City of",1509,3,06/24/2019,SWEF1906241335GSC,Treated Drinking Water,ND,ND,EPA 537
GRAND TRAVERSE,"Traverse City, City of",29476,3,07/02/2019,SWEF1907021320GSC,Treated Drinking Water,ND,ND,EPA 537
LENAWEE,Deerfield,943,4,07/29/2019,SWEF1907291510MK,Treated Drinking Water,ND,ND,EPA 537
LENAWEE,Deerfield,943,4,07/29/2019,SWIN1907291500MK,Raw Water,1629,1658,Isotope Dilution
LENAWEE,Deerfield,943,4,09/03/2019,SWEF1909031730KME,Treated Drinking Water,ND,ND,EPA 537.1
LENAWEE,Blissfield,3340,4,09/03/2019,SWIN1909031420KME,Raw Water,ND,5.09,Isotope Dilution
MONROE,Monroe,53798,4,09/03/2019,SWEF1909031520KME,Treated Drinking Water,17,23,EPA 537.1
MONROE,Monroe,53798,4,07/30/2019,SWIN1907301410MK,Raw Water,ND,3,Isotope Dilution
MONROE,Frenchtown Township,16481,4,09/03/2019,SWIN1909031600KME,Raw Water,15.57,17.8,Isotope Dilution
LENAWEE,Blissfield,3340,4,07/29/2019,SWIN190291405MK,Raw Water,ND,4,Isotope Dilution
LENAWEE,Deerfield,943,4,09/03/2019,SWIN1909031740KME,Raw Water,ND,5.62,Isotope Dilution
LENAWEE,Adrian,21133,4,09/03/2019,SWEF1909031820KME,Treated Drinking Water,ND,ND,EPA 537.1
MONROE,Frenchtown Township,16481,4,09/03/2019,SWEF1909031610KME,Treated Drinking Water,8,12,EPA 537.1
MONROE,Frenchtown Township,16481,4,07/30/2019,SWIN1907301445MK,Raw Water,2,6,Isotope Dilution
MONROE,Monroe,53798,4,07/30/2019,SWEF1907301415MK,Treated Drinking Water,ND,2,EPA 537
MONROE,Frenchtown Township,16481,4,07/30/2019,SWEF1907301450MK,Treated Drinking Water,ND,3,EPA 537
LENAWEE,Adrian,21133,4,09/03/2019,SWIN1909031810KME,Raw Water,ND,ND,Isotope Dilution
MONROE,Monroe,53798,4,09/03/2019,SWIN1909031510KME,Raw Water,17.15,24.05,Isotope Dilution
LENAWEE,Blissfield,3340,4,09/03/2019,SWEF1909031430KME,Treated Drinking Water,ND,2,EPA 537.1
LENAWEE,Blissfield,3340,4,07/29/2019,SWEF1907291410MK,Treated Drinking Water,ND,ND,EPA 537
LENAWEE,Adrian,21133,4,07/29/2019,SWEF1907291305MK,Treated Drinking Water,ND,ND,EPA 537
LENAWEE,Adrian,21133,4,09/04/2019,SWIN1909041210KME,Raw Water,ND,ND,Isotope Dilution
LENAWEE,Deerfield,943,4,09/05/2019,SWEF1909051120KME,Treated Drinking Water,ND,2,EPA 537
MONROE,Monroe,53798,4,09/04/2019,SWEF1909040925KME,Treated Drinking Water,14,18,EPA 537
LENAWEE,Deerfield,943,4,09/04/2019,SWIN1909041030KME,Raw Water,ND,ND,Isotope Dilution
LENAWEE,Deerfield,943,4,09/05/2019,SWIN1909051110KME,Raw Water,ND,8.46,Isotope Dilution
LENAWEE,Blissfield,3340,4,09/04/2019,SWIN1909041115KME,Raw Water,ND,ND,Isotope Dilution
LENAWEE,Deerfield,943,4,09/03/2019,SWEF1909031430KME,Treated Drinking Water,ND,2,EPA 537
LENAWEE,Blissfield,3340,4,09/05/2019,SWEF1909051200KME,Treated Drinking Water,ND,2,EPA 537
LENAWEE,Blissfield,3340,4,09/05/2019,SWIN1909051150KME,Raw Water,ND,8.91,Isotope Dilution
MONROE,Monroe,53798,4,09/04/2019,SWIN1909040915KME,Raw Water,7.64,7.64,Isotope Dilution
MONROE,Monroe,53798,4,09/05/2019,SWEF1909051015KME,Treated Drinking Water,9,13,EPA 537.1
MONROE,Frenchtown Township,16481,4,09/04/2019,SWIN1909040825KME,Raw Water,6.9,6.9,Isotope Dilution
LENAWEE,Deerfield,943,4,09/05/2019,SWEF1909051120KME,Treated Drinking Water,ND,ND,EPA 537.1
LENAWEE,Adrian,21133,4,09/05/2019,SWEF1909051245KME,Treated Drinking Water,ND,ND,EPA 537.1
LENAWEE,Adrian,21133,4,09/05/2019,SWIN1909051235KME,Raw Water,ND,2.56,Isotope Dilution
MONROE,Frenchtown Township,16481,4,09/05/2019,SWIN1909050825KME,Raw Water,7.52,10.33,Isotope Dilution
LENAWEE,Deerfield,943,4,09/04/2019,SWEF1909041040KME,Treated Drinking Water,ND,2,EPA 537
MONROE,Frenchtown Township,16481,4,09/04/2019,SWEF1909040835KME,Treated Drinking Water,15,22,EPA 537
LENAWEE,Blissfield,3340,4,09/04/2019,SWEF1909041125KME,Treated Drinking Water,ND,ND,EPA 537.1
LENAWEE,Adrian,21133,4,09/03/2019,SWEF1909031820KME,Treated Drinking Water,ND,ND,EPA 537
MONROE,Monroe,53798,4,09/05/2019,SWEF1909051015KME,Treated Drinking Water,11,15,EPA 537
MONROE,Frenchtown Township,16481,4,09/05/2019,SWEF1909050835KME,Treated Drinking Water,10,14,EPA 537.1
MONROE,Monroe,53798,4,09/04/2019,SWEF1909040925KME,Treated Drinking Water,16,21,EPA 537.1
MONROE,Monroe,53798,4,09/03/2019,SWEF1909031520KME,Treated Drinking Water,16,20,EPA 537
MONROE,Frenchtown Township,16481,4,09/05/2019,SWEF1909050835KME,Treated Drinking Water,8,15,EPA 537
LENAWEE,Adrian,21133,4,09/05/2019,SWEF1909051245KME,Treated Drinking Water,ND,ND,EPA 537
MONROE,Frenchtown Township,16481,4,09/03/2019,SWEF1909031610KME,Treated Drinking Water,10,14,EPA 537
LENAWEE,Blissfield,3340,4,09/04/2019,SWEF1909041125KME,Treated Drinking Water,ND,3,EPA 537
LENAWEE,Blissfield,3340,4,09/03/2019,SWEF1909031730KME,Treated Drinking Water,ND,3,EPA 537
LENAWEE,Adrian,21133,4,09/04/2019,SWEF1909041220KME,Treated Drinking Water,ND,ND,EPA 537
LENAWEE,Adrian,21133,4,09/04/2019,SWEF1909041220KME,Treated Drinking Water,ND,ND,EPA 537.1
MONROE,Monroe,53798,4,09/05/2019,SWIN1909051005KME,Raw Water,9.25,26.85,Isotope Dilution
LENAWEE,Blissfield,3340,4,09/05/2019,SWEF1909051200KME,Treated Drinking Water,ND,ND,EPA 537.1
MONROE,Frenchtown Township,16481,4,09/04/2019,SWEF1909040835KME,Treated Drinking Water,11,16,EPA 537.1
LENAWEE,Deerfield,943,4,09/04/2019,SWEF1909041040KME,Treated Drinking Water,ND,ND,EPA 537.1
LENAWEE,Deerfield,943,4,09/06/2019,SWEF1909061010KME,Treated Drinking Water,ND,3,EPA 537
MONROE,Monroe,53798,4,09/06/2019,SWEF1909060910KME,Treated Drinking Water,11,15,EPA 537.1
LENAWEE,Deerfield,943,4,09/06/2019,SWIN1909061000KME,Raw Water,ND,ND,Isotope Dilution
MONROE,Monroe,53798,4,09/06/2019,SWIN1909060900KME,Raw Water,10.49,10.49,Isotope Dilution
LENAWEE,Adrian,21133,4,09/06/2019,SWEF1909061220KME,Treated Drinking Water,ND,ND,EPA 537
MONROE,Frenchtown Township,16481,4,09/06/2019,SWIN1909060825KME,Raw Water,11.82,11.82,Isotope Dilution
LENAWEE,Adrian,21133,4,09/06/2019,SWEF1909061220KME,Treated Drinking Water,ND,ND,EPA 537.1
MONROE,Frenchtown Township,16481,4,09/06/2019,SWEF1909060835KME,Treated Drinking Water,8,12,EPA 537.1
LENAWEE,Blissfield,3340,4,09/06/2019,SWIN1909061110KME,Raw Water,ND,ND,Isotope Dilution
LENAWEE,Blissfield,3340,4,09/06/2019,SWEF1909061120KME,Treated Drinking Water,ND,ND,EPA 537
LENAWEE,Blissfield,3340,4,09/06/2019,SWEF1909061120KME,Treated Drinking Water,ND,ND,EPA 537.1
MONROE,Frenchtown Township,16481,4,09/06/2019,SWEF1909060835KME,Treated Drinking Water,9,13,EPA 537
MONROE,Monroe,53798,4,09/06/2019,SWEF1909060910KME,Treated Drinking Water,13,19,EPA 537
LENAWEE,Adrian,21133,4,09/06/2019,SWIN1909061210KME,Raw Water,ND,ND,Isotope Dilution
LENAWEE,Deerfield,943,4,09/06/2019,SWEF1909061010KME,Treated Drinking Water,ND,ND,EPA 537.1
HURON,"Caseville, City of",777,4,08/01/2019,SWIN1908011225MK,Raw Water,3,10,Isotope Dilution
HURON,"Caseville, City of",777,4,08/01/2019,SWEF1908011230MK,Treated Drinking Water,3,10,EPA 537
BERRIEN,Benton Charter Township,6883,4,07/22/2019,SWIN1907221045GSC,Raw Water,ND,ND,Isotope Dilution
BERRIEN,Benton Harbor,9970,4,07/22/2019,SWEF1907221120GSC,Treated Drinking Water,ND,3,EPA 537
KENT,Grand Rapids,329500,4,07/23/2019,SWEF1907231105GSC,Treated Drinking Water,ND,ND,EPA 537
BERRIEN,Bridgman,2291,4,07/22/2019,SWEF1907221255GSC,Treated Drinking Water,ND,ND,EPA 537
SANILAC,"Lexington, Village of",6380,4,08/01/2019,SWIN1908011610MK,Raw Water,ND,ND,Isotope Dilution
MIDLAND,"Midland, City of",63108,4,07/26/2019,SWIN1907261055GSC,Raw Water,2,2,Isotope Dilution
GRATIOT,Gratiot Area Water Authority,16208,4,07/26/2019,GWIN1907260830GSC,Raw Water,ND,ND,Isotope Dilution
WAYNE,Grosse Pointe Farms,14900,4,07/30/2019,SWIN1907300815MK,Raw Water,3,3,Isotope Dilution
WAYNE,Great Lakes Water Authority,3713777,4,07/30/2019,SWEF1907301220MK,Treated Drinking Water,ND,ND,EPA 537
WAYNE,Great Lakes Water Authority,3713777,4,07/30/2019,SWEF1907301030MK,Treated Drinking Water,ND,ND,EPA 537
MUSKEGON,Muskegon Heights,10856,4,07/23/2019,SWEF1907231310GSC,Treated Drinking Water,3,5,EPA 537
WAYNE,Great Lakes Water Authority,3713777,4,07/30/2019,SWIN1907301125MK,Treated Drinking Water,3,3,Isotope Dilution
BERRIEN,Lake Charter Township,6800,4,07/22/2019,SWIN1907221200GSC,Raw Water,ND,ND,Isotope Dilution
ISABELLA,"Mount Pleasant, City of",26084,4,07/26/2019,SWIN1907260930GSC,Raw Water,ND,3,Isotope Dilution
WAYNE,Great Lakes Water Authority,3713777,4,07/30/2019,SWIN1907300930MK,Raw Water,ND,ND,Isotope Dilution
WAYNE,Great Lakes Water Authority,3713777,4,07/30/2019,SWIN1907301025MK,Treated Drinking Water,2,2,Isotope Dilution
BERRIEN,Bridgman,2291,4,07/22/2019,SWIN1907221250GSC,Raw Water,ND,6,Isotope Dilution
WAYNE,Great Lakes Water Authority,3713777,4,07/30/2019,SWEF1907300935MK,Treated Drinking Water,ND,ND,EPA 537
BERRIEN,Lake Charter Township,6800,4,07/22/2019,SWEF1907221205GSC,Treated Drinking Water,ND,2,EPA 537
KENT,Grand Rapids,329500,4,07/23/2019,SWIN1907231100GSC,Raw Water,ND,ND,Isotope Dilution
WAYNE,Great Lakes Water Authority,3713777,4,07/30/2019,SWIN1907301215MK,Raw Water,3,3,Isotope Dilution
CHARLEVOIX,"Charlevoix, City of",3124,4,07/25/2019,SWIN1907251220GSC,Raw Water,ND,ND,Isotope Dilution
WASHTENAW,Ann Arbor,127855,4,07/29/2019,SWEF1907291120MK,Treated Drinking Water,ND,6,EPA 537
GRATIOT,Gratiot Area Water Authority,16208,4,07/26/2019,GWEF1907260835GSC,Treated Drinking Water,ND,ND,EPA 537
BERRIEN,Benton Harbor,9970,4,07/22/2019,SWIN1907221115GSC,Raw Water,2,2,Isotope Dilution
WAYNE,Grosse Pointe Farms,14900,4,07/30/2019,SWEF1907300820MK,Treated Drinking Water,ND,ND,EPA 537
WAYNE,Grosse Pointe Farms,14900,4,07/30/2019,SWEF1907300820MK,Treated Drinking Water,ND,ND,EPA 537
WASHTENAW,Ann Arbor,127855,4,07/29/2019,SWIN1907291115MK,Raw Water,10,35,Isotope Dilution
CHARLEVOIX,"Charlevoix, City of",3124,4,07/25/2019,SWEF1907251220GSC,Treated Drinking Water,ND,ND,EPA 537
WAYNE,Great Lakes Water Authority,3713777,4,07/30/2019,SWEF1907301130MK,Treated Drinking Water,ND,ND,EPA 537
OTTAWA,Holland Board of Public Works,49008,4,07/23/2019,SWEF1907230820GSC,Treated Drinking Water,ND,ND,EPA 537
MIDLAND,"Midland, City of",63108,4,07/26/2019,SWEF1907261100GSC,Treated Drinking Water,ND,ND,EPA 537
OTTAWA,Holland Board of Public Works,49008,4,07/23/2019,SWIN19072300815GSC,Raw Water,ND,ND,Isotope Dilution
SANILAC,"Lexington, Village of",6380,4,08/01/2019,SWEF1908011615MK,Treated Drinking Water,ND,ND,EPA 537
BERRIEN,Benton Charter Township,6883,4,07/22/2019,SWEF1907221050GSC,Treated Drinking Water,ND,3,EPA 537
MUSKEGON,Muskegon Heights,10856,4,07/23/2019,SWIN1907231305GSC,Raw Water,2,2,Isotope Dilution
ISABELLA,"Mount Pleasant, City of",26084,4,07/26/2019,SWEF1907260935GSC,Treated Drinking Water,ND,ND,EPA 537
WAYNE,Wyandotte,25883,4,07/30/2019,SWEF1907301315MK,Treated Drinking Water,ND,ND,EPA 537
BERRIEN,St Joseph,35569,4,07/22/2019,SWEF1907221005GSC,Treated Drinking Water,ND,ND,EPA 537
VAN BUREN,South Haven,9305,4,07/23/2019,SWIN1907230930GSC,Raw Water,ND,ND,Isotope Dilution
KENT,Wyoming,230113,4,07/23/2019,SWIN1907230800GSC,Raw Water,ND,ND,Isotope Dilution
MUSKEGON,Muskegon,87880,4,07/23/2019,SWEF1907231355GSC,Treated Drinking Water,ND,ND,EPA 537
MUSKEGON,Muskegon,87880,4,07/23/2019,SWEF1907231355GSC-FD,Treated Drinking Water,ND,ND,EPA 537
WAYNE,Wyandotte,25883,4,07/30/2019,SWIN1907301310MK,Raw Water,2,2,Isotope Dilution
LEELANAU,Northport Point Cottage Owners Association,240,4,07/25/2019,SWIN1907250900GSC,Raw Water,4,4,Isotope Dilution
LEELANAU,Northport Point Cottage Owners Association,240,4,07/25/2019,SWEF1907250905GSC,Treated Drinking Water,ND,ND,EPA 537
BERRIEN,New Buffalo,1940,4,07/22/2019,SWIN1907221330GSC,Raw Water,ND,ND,Isotope Dilution
KENT,Wyoming,230113,4,07/23/2019,SWEF1907230805GSC,Treated Drinking Water,ND,ND,EPA 537
BERRIEN,St Joseph,35569,4,07/22/2019,SWIN1907221000GSC,Raw Water,ND,ND,Isotope Dilution
MUSKEGON,Muskegon,87880,4,07/23/2019,SWIN1907231350GSC-FD,Raw Water,ND,ND,Isotope Dilution
BERRIEN,New Buffalo,1940,4,07/22/2019,SWEF1907221335GSC,Treated Drinking Water,2,4,EPA 537
VAN BUREN,South Haven,9305,4,07/23/2019,SWEF1907230935GSC,Treated Drinking Water,2,4,EPA 537
MUSKEGON,Muskegon,87880,4,07/23/2019,SWIN1907231350GSC,Raw Water,ND,ND,Isotope Dilution
GENESEE,Genesee County Water System,143177,4,08/19/2019,SWEF1908010835MK-FD,Treated Drinking Water,ND,ND,EPA 537
HURON,"Harbor Beach, City of",1703,4,08/01/2019,SWEF1908011440MK,Treated Drinking Water,ND,ND,EPA 537
GRAND TRAVERSE,"Traverse City, City of",29476,4,07/25/2019,SWIN1907251030GSC,Raw Water,3,5,Isotope Dilution
SAGINAW,"Saginaw, City of",172369,4,07/26/2019,SWEF1907261215GSC,Treated Drinking Water,3,3,Isotope Dilution
HURON,Huron Regional Water Authority,4311,4,08/02/2019,SWEF1908020645MK,Treated Drinking Water,ND,ND,EPA 537
GRAND TRAVERSE,"Traverse City, City of",29476,4,07/25/2019,SWEF1907251035GSC,Treated Drinking Water,ND,ND,EPA 537
MASON,"Ludington, City of",10344,4,08/02/2019,SWIN1908021005KME,Raw Water,2,2,Isotope Dilution
HURON,"Harbor Beach, City of",1703,4,08/01/2019,SWIN1908011435MK,Raw Water,ND,ND,Isotope Dilution
MASON,"Ludington, City of",10344,4,08/02/2019,SWEF1908021015KME,Treated Drinking Water,ND,ND,EPA 537
HURON,Huron Regional Water Authority,4311,4,08/02/2019,SWIN1908020640MK,Raw Water,ND,ND,Isotope Dilution
GENESEE,Genesee County Water System,143177,4,08/19/2019,SWEF1908010835MK,Treated Drinking Water,ND,ND,EPA 537
GENESEE,Karegnondi Water Authority,143177,4,08/01/2019,SWIN1908011015MK,Raw Water,ND,ND,Isotope Dilution
LENAWEE,Deerfield,943,4,07/29/2019,SWIN1907291500MK,Raw Water,ND,3,Isotope Dilution
OTTAWA,Northwest Ottawa Co Water Syst,40416,4,07/23/2019,SWIN1907231220GSC,Raw Water,2,6,Isotope Dilution
OTTAWA,Northwest Ottawa Co Water Syst,40416,4,07/23/2019,SWEF1907231225GSC,Treated Drinking Water,ND,3,EPA 537
ARENAC,Saginaw Chippewa Indian Tribe of Michigan - Saganing,4653,4,08/02/2019,SWEF1908021025MK,Treated Drinking Water,ND,ND,EPA 537
BAY,Linwood Metro Water District,909,4,08/02/2019,SWIN1908020935MK,Raw Water,ND,ND,Isotope Dilution
ARENAC,Saginaw Chippewa Indian Tribe of Michigan - Saganing,4653,4,08/02/2019,SWIN1908021020MK,Raw Water,ND,ND,Isotope Dilution
BAY,Linwood Metro Water District,909,4,08/02/2019,SWEF1908020940MK,Treated Drinking Water,ND,ND,EPA 537
BARAGA,Keweenaw Bay Indian Community - Zeba Treatment Plant,350,4,08/13/2019,SWIN1908131720GSC,Raw Water,ND,ND,Isotope Dilution
BARAGA,Keweenaw Bay Indian Community - Zeba Treatment Plant,350,4,08/13/2019,SWEF1908131725GSC,Treated Drinking Water,ND,ND,EPA 537
WAYNE,Wyandotte,25883,5,08/27/2019,SWEF1908270805GSC,Treated Drinking Water,26,30,EPA 537
ONTONAGON,Ontonagon,2919,4,08/09/2019,SWEF1908091305GSC,Treated Drinking Water,ND,ND,EPA 537
ST CLAIR,Great Lakes Water Authority,3713777,4,07/31/2019,SWIN1907311405MK,Raw Water,ND,ND,Isotope Dilution
ARENAC,"Au Gres, City of",955,4,08/02/2019,SWIN1908021230MK,Raw Water,ND,ND,Isotope Dilution
MACOMB,"New Baltimore, City of",12720,4,07/31/2019,SWIN1907310850MK,Raw Water,ND,ND,Isotope Dilution
CHIPPEWA,Sault Ste Marie,14689,4,08/07/2019,SWIN1908071040GSC,Raw Water,ND,ND,Isotope Dilution
ARENAC,Sims-Whitney Utilities Authority,5713,4,08/06/2019,SWIN1908060950GSC,Raw Water,ND,ND,Isotope Dilution
MACKINAC,Mackinac Island,469,4,08/13/2019,SWEF1908131135GSC,Treated Drinking Water,ND,ND,EPA 537
MACKINAC,Mackinac Island,469,4,08/13/2019,SWIN1908131130GSC,Raw Water,ND,ND,Isotope Dilution
MACKINAC,St Ignace,2900,4,08/13/2019,SWIN1908131245GSC,Raw Water,ND,ND,Isotope Dilution
ARENAC,Sims-Whitney Utilities Authority,5713,4,08/06/2019,SWEF1908060955GSC,Treated Drinking Water,ND,ND,EPA 537
ST CLAIR,"Marysville, City of",9959,4,07/31/2019,SWEF1907311250MK,Treated Drinking Water,ND,ND,EPA 537
DELTA,Escanaba,13659,4,08/12/2019,SWIN1908120830GSC,Raw Water,ND,ND,Isotope Dilution
IOSCO,Huron Shore Regional Utility Authority,14527,4,08/06/2019,SWEF1908061050GSC,Treated Drinking Water,ND,ND,EPA 537
ST CLAIR,Great Lakes Water Authority,3713777,4,07/31/2019,SWEF1907311410MK,Treated Drinking Water,ND,ND,EPA 537
BARAGA,Baraga,2240,4,08/09/2019,SWIN1908090945GSC-FD,Raw Water,ND,ND,Isotope Dilution
MARQUETTE,Marquette,23700,4,08/08/2019,SWIN1908080830GSC,Raw Water,ND,ND,Isotope Dilution
DELTA,Gladstone,4396,4,08/12/2019,SWIN1908120930GSC-FD,Raw Water,3,3,Isotope Dilution
CHIPPEWA,Detour,325,4,08/07/2019,SWIN1908070900GSC,Raw Water,ND,ND,Isotope Dilution
MACOMB,"Mount Clemens, City of",18405,4,07/31/2019,SWEF1907310800MK,Treated Drinking Water,ND,ND,EPA 537
SCHOOLCRAFT,Manistique,3874,4,08/13/2019,SWEF1908130735GSC,Treated Drinking Water,ND,ND,EPA 537
CHIPPEWA,Sault Ste Marie,14689,4,08/07/2019,SWEF1908071045GSC,Treated Drinking Water,ND,ND,EPA 537
BARAGA,Baraga,2240,4,08/09/2019,BARAGA00410TP001,Treated Drinking Water,ND,ND,EPA 537
MENOMINEE,Menominee,9999,4,08/11/2019,SWIN1908110930GSC,Raw Water,ND,2,Isotope Dilution
BARAGA,L'anse,2300,4,08/09/2019,SWEF1908090845GSC,Treated Drinking Water,ND,ND,EPA 537
ARENAC,"Au Gres, City of",955,4,08/02/2019,SWEF1908021235MK,Treated Drinking Water,ND,ND,EPA 537
MACOMB,"Mount Clemens, City of",18405,4,07/31/2019,SWIN1907310755MK,Raw Water,ND,ND,Isotope Dilution
MARQUETTE,Marquette,23700,4,08/08/2019,SWEF1908080835GSC,Treated Drinking Water,ND,ND,EPA 537
DELTA,Gladstone,4396,4,08/12/2019,SWEF1908120935GSC,Treated Drinking Water,3,3,EPA 537
DELTA,Escanaba,13659,4,08/12/2019,SWEF1908120835GSC,Treated Drinking Water,2,2,EPA 537
ST CLAIR,"Port Huron, City of",61470,4,07/31/2019,SWEF1907311320MK,Treated Drinking Water,ND,ND,EPA 537
ONTONAGON,Ontonagon,2919,4,08/09/2019,SWIN1908091300GSC,Raw Water,ND,ND,Isotope Dilution
IOSCO,Huron Shore Regional Utility Authority,14527,4,08/06/2019,SWIN1908061045GSC,Raw Water,ND,ND,Isotope Dilution
DELTA,Gladstone,4396,4,08/12/2019,SWEF1908120935GSC-FD,Treated Drinking Water,ND,ND,EPA 537
ST CLAIR,"Port Huron, City of",61470,4,07/31/2019,SWIN1907311315MK,Raw Water,ND,ND,Isotope Dilution
BARAGA,L'anse,2300,4,08/09/2019,SWIN1908090840GSC,Raw Water,ND,ND,Isotope Dilution
CHIPPEWA,Detour,325,4,08/07/2019,SWEF1908070905GSC,Treated Drinking Water,ND,ND,EPA 537
ALPENA,"Alpena, City of",15680,4,08/06/2019,SWEF1908061215GSC,Treated Drinking Water,ND,ND,EPA 537
MACKINAC,St Ignace,2900,4,08/13/2019,SWEF1908131250GSC,Treated Drinking Water,ND,ND,EPA 537
MACOMB,"New Baltimore, City of",12720,4,07/31/2019,SWEF1907310855MK,Treated Drinking Water,ND,ND,EPA537
BARAGA,Baraga,2240,4,08/09/2019,SWEF1908090955GSC-FD,Treated Drinking Water,ND,ND,EPA 537
BARAGA,Baraga,2240,4,08/09/2019,SWIN1908090945GSC,Raw Water,ND,ND,Isotope Dilution
DELTA,Gladstone,4396,4,08/12/2019,SWIN1908120930GSC,Raw Water,2,2,Isotope Dilution
SCHOOLCRAFT,Manistique,3874,4,08/13/2019,SWIN1908130730GSC,Raw Water,ND,ND,Isotope Dilution
ALPENA,"Alpena, City of",15680,4,08/06/2019,SWIN1908061210GSC,Raw Water,ND,ND,Isotope Dilution
ST CLAIR,"Marysville, City of",9959,4,07/31/2019,SWIN1907311245MK,Raw Water,ND,ND,Isotope Dilution
MENOMINEE,Menominee,9999,4,08/11/2019,SWEF1908110935GSC,Treated Drinking Water,ND,ND,EPA 537
WAYNE,Wyandotte,25883,5,08/27/2019,SWIN1908270800GSC,Raw Water,49,55,Isotope Dilution
WASHTENAW,Ann Arbor,127855,5,08/26/2019,SWIN1908261455GSC,Raw Water,4,28,Isotope Dilution
ST CLAIR,St. Clair Water and Sewer Authority,4200,4,07/31/2019,SWEF1907311115MK,Treated Drinking Water,ND,ND,EPA 537
ARENAC,"Standish, City of",1509,4,08/02/2019,SWIN1908021105MK,Raw Water,ND,ND,Isotope Dilution
ST CLAIR,"St. Clair, City of",8755,4,07/31/2019,SWIN1907311150MK,Raw Water,ND,ND,Isotope Dilution
ST CLAIR,St. Clair Water and Sewer Authority,4200,4,07/31/2019,SWIN1907311110MK,Raw Water,ND,ND,Isotope Dilution
BAY,Bay Area Water System,93915,4,08/02/2019,SWEF1908020845MK,Treated Drinking Water,ND,ND,EPA 537
ARENAC,"Omer, City of",313,4,08/02/2019,SWEF1908021200MK,Treated Drinking Water,ND,ND,EPA 537
ARENAC,"Omer, City of",313,4,08/02/2019,SWIN1908021155MK,Raw Water,ND,ND,Isotope Dilution
BERRIEN,Bridgman,2291,5,08/28/2019,SWIN1908281400GGA,Raw Water,ND,4,Isotope Dilution
ST CLAIR,"Algonac, City of",13976,5,08/28/2019,SWEF1908280910GSC,Treated Drinking Water,ND,ND,EPA 537
BAY,Bay Area Water System,93915,4,08/02/2019,SWIN1908020840MK,Raw Water,ND,ND,Isotope Dilution
ST CLAIR,Ira Township,11112,4,07/31/2019,SWIN1907310925MK,Raw Water,ND,ND,Isotope Dilution
WASHTENAW,Ann Arbor,127855,5,08/26/2019,SWEF1908261500GSC,Treated Drinking Water,ND,7,EPA 537
GENESEE,Genesee County Water System,143177,5,08/29/2019,SWEF1908290815GSC,Treated Drinking Water,ND,ND,EPA 537
BAY,Bay Area Water System,93915,5,08/29/2019,SWEF1908291520GSC,Treated Drinking Water,ND,ND,EPA 537
BERRIEN,Bridgman,2291,5,08/28/2019,SWEF1908281405GGA,Treated Drinking Water,ND,ND,EPA537
ARENAC,Saginaw-Midland Water Supply,338705,4,08/06/2019,SWIN1908060920GSC,Raw Water,ND,ND,Isotope Dilution
BAY,Bay Area Water System,93915,4,08/02/2019,SWEF1908020845MK-FD,Treated Drinking Water,ND,ND,EPA 537
ARENAC,Saginaw-Midland Water Supply,338705,4,08/06/2019,SWEF1908060925GSC,Treated Drinking Water,ND,ND,EPA 537
BERRIEN,Benton Harbor,9970,5,08/28/2019,SWEF1908281105GGA,Treated Drinking Water,2,2,EPA 537
ST CLAIR,"Algonac, City of",13976,4,07/31/2019,SWIN1907311000MK,Raw Water,ND,ND,Isotope Dilution
ST CLAIR,Marine City,7852,4,07/31/2019,SWIN1907311035MK,Raw Water,ND,ND,Isotope Dilution
ARENAC,"Standish, City of",1509,4,08/02/2019,SWEF1908021110MK,Treated Drinking Water,ND,ND,EPA 537
ST CLAIR,Marine City,7852,4,07/31/2019,SWEF1907311040MK,Treated Drinking Water,ND,ND,EPA 537
BERRIEN,Benton Harbor,9970,5,08/28/2019,SWIN1908281100GGA,Raw Water,2,2,Isotope Dilution
ST CLAIR,"Algonac, City of",13976,5,08/28/2019,SWIN1908280905GSC,Raw Water,ND,ND,Isotope Dilution
ST CLAIR,"Algonac, City of",13976,4,07/31/2019,SWEF1907311005MK,Treated Drinking Water,ND,ND,EPA 537
ST CLAIR,"St. Clair, City of",8755,4,07/31/2019,SWEF1907311155MK,Treated Drinking Water,ND,ND,EPA 537
ST CLAIR,Ira Township,11112,4,07/31/2019,SWEF1907310920MK,Treated Drinking Water,ND,ND,EPA 537
BERRIEN,Lake Charter Township,6800,5,08/28/2019,SWEF1908281305GGA,Treated Drinking Water,2,2,EPA 537
MACOMB,"New Baltimore, City of",12720,5,08/27/2019,SWEF1908271425GSC,Treated Drinking Water,ND,ND,EPA 537
BERRIEN,Lake Charter Township,6800,5,08/28/2019,SWIN1908281300GGA,Raw Water,2,2,Isotope Dilution
ST CLAIR,"Marysville, City of",9959,5,08/28/2019,SWEF1908281135GSC,Treated Drinking Water,ND,ND,EPA 537
ST CLAIR,"St. Clair, City of",8755,5,08/28/2019,SWIN1908281105GSC,Raw Water,ND,ND,Isotope Dilution
ST CLAIR,"Port Huron, City of",61470,5,08/28/2019,SWIN1908281255GSC,Raw Water,ND,ND,Isotope Dilution
ST CLAIR,"Port Huron, City of",61470,5,08/28/2019,SWEF1908281300GSC,Treated Drinking Water,ND,ND,EPA 537
ST CLAIR,"Marysville, City of",9959,5,08/28/2019,SWIN1908281130GSC,Raw Water,ND,ND,Isotope Dilution
MACOMB,"Mount Clemens, City of",18405,5,08/27/2019,SWEF1908271325GSC,Treated Drinking Water,ND,3,EPA537
MACOMB,"Mount Clemens, City of",18405,5,08/27/2019,SWIN1908271320GSC,Raw Water,ND,ND,Isotope Dilution
BAY,Linwood Metro Water District,909,5,08/30/2019,SWEF1908301140GSC,Treated Drinking Water,ND,ND,EPA 537
ST CLAIR,Marine City,7852,5,08/28/2019,SWEF1908280945GSC,Treated Drinking Water,ND,ND,EPA 537
ST CLAIR,Marine City,7852,5,08/28/2019,SWIN1908280940GSC,Raw Water,ND,ND,Isotope Dilution
BERRIEN,St Joseph,35569,5,08/28/2019,SWIN1908281000GGA,Raw Water,2,2,Isotope Dilution
ST CLAIR,"St. Clair, City of",8755,5,08/28/2019,SWEF1908281110GSC,Treated Drinking Water,ND,ND,EPA 537
WAYNE,Grosse Pointe Farms,14900,5,08/27/2019,SWEF1908271200GSC,Treated Drinking Water,ND,ND,EPA 537
BERRIEN,St Joseph,35569,5,08/28/2019,SWEF1908281005GGA,Treated Drinking Water,ND,ND,EPA 537
WAYNE,Grosse Pointe Farms,14900,5,08/27/2019,SWIN1908271155GSC,Raw Water,ND,ND,Isotope Dilution
BAY,Linwood Metro Water District,909,5,08/30/2019,SWIN1908301135GSC,Raw Water,ND,ND,Isotope Dilution
MACOMB,"New Baltimore, City of",12720,5,08/27/2019,SWIN1908271420GSC,Raw Water,ND,ND,Isotope Dilution
BARAGA,Keweenaw Bay Indian Community - Zeba Treatment Plant,350,5,09/10/2019,SWIN1909101005GSC,Raw Water,ND,ND,Isotope Dilution
BARAGA,Keweenaw Bay Indian Community - Zeba Treatment Plant,350,5,09/10/2019,SWEF1909101010GSC,Treated Drinking Water,ND,ND,EPA 537
ARENAC,Saginaw Chippewa Indian Tribe of Michigan - Saganing,4653,5,09/04/2019,SWIN1909041245GSC,Raw Water,ND,ND,Isotope Dilution
ARENAC,Saginaw Chippewa Indian Tribe of Michigan - Saganing,4653,5,09/04/2019,SWEF1909041250GSC,Treated Drinking Water,ND,ND,EPA 537
